lon,lat,kde_sev,impact
77.69447438,12.811273600000002,1.3803080410601583,41.98834668608885
77.6939427,12.811886,1.2503144219157498,51.839038601602326
77.68930812083333,12.818148683333334,20.212923836690976,76.21995630007284
77.68689926666667,12.8206055,20.36692704988056,74.32629278951201
77.68806908333333,12.819260275,23.022554456456604,68.57246904588492
77.68910905423729,12.818628808474575,21.69041408660663,75.49162418062637
77.68756760526317,12.820191689473683,22.240221888709762,68.24471959213402
77.6899796,12.817978283333332,18.11324769077989,68.40859431900947
77.6898623,12.818310300000002,19.26027090518463,71.01238164603059
77.68363633333333,12.824956033333335,8.117319190791811,69.73780043699928
77.68240598,12.826234160000002,7.413066920871038,72.17771303714494
77.6831419,12.825251900000001,7.789268595952231,69.44646758922069
77.68220525,12.82711205,7.222338174211825,73.85287691187182
77.682075825,12.828351775,6.519041295659894,73.65258557902403
77.68125455,12.830273075,4.639735814806427,66.73343044428259
77.68129114999999,12.8313429,3.8609028843816633,63.273852876911874
77.68635126666668,12.822055400000002,15.786840404250086,73.79825200291333
77.68550104736842,12.823172347368422,11.702413161357907,75.16387472687546
77.6858565,12.8227527,13.140925254878077,80.49890750182082
77.6873767,12.821156811111111,19.87419363553425,73.2884195193008
77.6844757,12.8241458,9.164224899057556,66.36926438455936
77.4453044,12.87840735,0.28076229539841746,23.94391842680262
77.4533519,12.8965514,0.3100303391755015,30.872177713037146
77.4533865,12.8968192,0.310464809015542,27.458120903131828
77.4548149,12.8963282,0.2878250204518987,30.872177713037146
77.4498397,12.9035725,0.08415863274604644,29.715950473415877
77.46745385,12.9013385,0.36181546834738065,29.024034959941737
77.5019219,12.8838377,0.08021780042712817,6.04515659140568
77.517105,12.8778133,0.08022159301568355,22.104879825200292
77.47567065000001,12.90589455,0.6568300307411243,42.625637290604516
77.4810037,12.9102452,6.540595894197319,56.04515659140568
77.48026031749387,12.9112004643704,7.595480566778878,44.19155134741442
77.480609,12.9120864,8.743820306319886,52.5673707210488
77.48105050396327,12.913149620077702,9.305196656972335,56.88273852876912
77.48208213333334,12.910454983333333,6.794365366193437,46.75892206846322
77.4831024,12.9104675,6.20850594311121,37.891478514202475
77.4845219,12.91109376,6.00581179048623,49.96358339402768
77.48132751225467,12.914176983814647,8.78610955703168,55.18936635105608
77.48501986041515,12.912631389838012,7.328141540328199,61.12527312454479
77.48534384999999,12.912815349999999,7.181620821979254,54.916241806263656
77.4849087,12.9141348,7.468004160336599,66.62418062636563
77.4863713,12.913797375,6.520910286752054,51.96649672250546
77.48082844000001,12.91505358,7.352941562942283,41.387472687545525
77.48139992298162,12.914620302775866,8.274254944060957,55.57174071376547
77.4835568,12.917952733333335,2.480268050096828,48.30662782228696
77.48684205833334,12.913967458333333,6.050890468054738,53.769118718135466
77.4882214,12.9154286,3.7039660497350164,51.89366351056081
77.4919859,12.9165806,0.6570712308003366,46.667880553532406
77.5190814,12.9026833,0.09455079810577656,13.27385287691187
77.5108473,12.9039264,0.3138986561083221,15.495265841223599
77.51244003333333,12.904228566666667,0.3784070090280359,3.9147851420247632
77.5001392,12.917002882608697,3.5122466248775157,21.321922796795338
77.5003422,12.9165099,3.3989985546828754,27.804078659868903
77.50021757647059,12.91724721764706,3.521279821096187,21.99563000728332
77.51336228888889,12.909712366666668,1.1135294853917383,2.7312454479242536
77.5137208,12.9128301,1.2685250798720489,13.36489439184268
77.5139474,12.9132248,1.2330237444869088,14.976329206117988
77.51348576666668,12.917430033333334,0.8228517771556264,10.378732702112163
77.5148713,12.9152749,0.9657616077756418,12.909686817188637
77.4728372,12.9234668,0.09787050501866323,30.826656955571742
77.4848068,12.9238959,0.6163647198401654,17.753095411507648
77.48528428571429,12.924826071428571,0.6465713250273166,8.357611070648217
77.4767094,12.9258225,0.10250116866517703,36.05243991260015
77.4957835,12.922626099999999,2.6901212174819156,44.246176256372905
77.4964507,12.9226094,3.0877417865072423,37.490895848506916
77.4931833,12.9234196,1.1708724917711462,32.10123816460306
77.4946422,12.9227144,1.966094561567094,29.998179169701384
77.48825807777777,12.932971355555557,1.417393343426867,26.18353969410051
77.49228035,12.935613916666668,3.325368046599806,18.353969410050983
77.49261581363636,12.937091013636364,4.362376677150832,16.806263656227237
77.49272716666667,12.9380345,4.69200966294663,11.63510560815732
77.49302874347826,12.939551834782607,4.5383407704905,11.216314639475602
77.4933042,12.940677466666665,4.033945206293429,17.78951201747997
77.49349136666667,12.941245833333333,3.7427707142718103,14.257101238164601
77.49883530909091,12.925064518181818,4.650809019625638,28.932993445010922
77.4989437,12.9251917,4.602826396686687,29.998179169701384
77.4986756,12.9255733,4.505807824062949,21.540422432629278
77.504948,12.9297128,0.5248806121807189,32.59286234522942
77.51379,12.9199483,0.7627129618217502,3.7873270211216314
77.5140677,12.9201698,0.7688340375221128,5.043699927166788
77.51446776666667,12.921978866666668,0.7873585861345895,1.4748725418790969
77.51789526,12.9247547,1.1576999749096588,20.520757465404223
77.511322,12.9278673,1.4161421604493403,47.924253459577564
77.5152276,12.9262672,2.1761597656364553,53.56882738528769
77.51583813333333,12.926113283333335,2.1089586518215646,45.63000728332119
77.516894,12.9254966,1.6301504412039691,28.851056081573194
77.51496728056922,12.930408748479788,11.36437494372076,51.3292061179898
77.5063069,12.9315757,0.46105846782500737,34.24981791697014
77.51153638,12.934859319999997,5.6471849532240235,54.73415877640204
77.5130154,12.9346714,10.6404556697311,57.90240349599417
77.512581875,12.9359389875,7.973395299608645,60.23306627822287
77.51342253333333,12.9356498,11.55109972199398,59.395484340859426
77.5153505375,12.9314281,15.08154212598624,54.84340859431901
77.51558263668474,12.931845225546098,16.67636387273916,51.747997086671525
77.516095120752,12.932677435706662,19.869092813327494,78.47778587035688
77.5169382,12.9321025,17.978855700028905,75.34595775673706
77.5150253,12.9358996,19.035555726703283,63.601602330662786
77.51615956250001,12.93621505,23.791174883078366,68.64530225782957
77.51788016666667,12.934597166666668,26.45144448964549,64.18426802621995
77.51789440508475,12.935854088135594,27.802643621483643,65.60451565914057
77.51836293235294,12.93591717647059,27.203820380240014,66.04151493080846
77.516298,12.936636075,23.17850651305545,64.09322651128915
77.51784751578948,12.936541555263158,26.574120244777053,58.120903131828115
77.5187142,12.93673428,24.97495353406862,70.02913328477786
77.4774056,12.95151935,0.31938703346227354,7.75673707210488
77.4819995,12.9515529,0.2781653801661191,2.0211216314639473
77.487122925,12.946467675,0.6970358231191779,1.584122359796067
77.490358225,12.94532705,1.2075193703127627,18.772760378732702
77.4938489,12.9422586,3.292002695323192,19.50109249817917
77.494656525,12.943926625,2.8576715585306807,15.38601602330663
77.49546076666667,12.942179366666666,2.8344845822959748,20.830298616168974
77.4948339,12.9441543,2.810342268533632,19.792425345957756
77.49551708181819,12.945350881818182,2.5081070944535053,14.12964311726147
77.4883989,12.9485545,0.7760254330064917,9.568463219227969
77.48826785,12.949832775,0.6568345271056087,10.142024763292062
77.4865928,12.9509055,0.4961864025767569,10.924981791697014
77.4960501,12.9514555,0.7380325039966087,16.997450837581937
77.49654485171612,12.950402114865817,1.0077663721472052,10.833940276766207
77.4969984,12.9517093,0.8324547706416868,16.997450837581937
77.495605,12.958585,0.12551932339685348,16.114348142753094
77.49955812,12.948705600014389,1.2855492797131909,17.643845593590676
77.499676094304,12.94887056912724,1.2693545301323421,3.8965768390386013
77.4996891,12.95221375,0.8215362739391819,2.9133284777858703
77.50577013487178,12.948035521781255,0.47239680293914743,9.568463219227969
77.50597606070978,12.948192900574558,0.4631822597220116,4.260742898761835
77.5023634,12.9608584,1.7864038589555624,3.805535324107793
77.4981606,12.9620354,0.3302795573751509,9.031318281136198
77.50426246666666,12.960402266666668,3.212944406993359,15.786598689002185
77.50526378333333,12.960414225000001,4.72382424557361,26.72978878368536
77.5066591,12.960649,9.087125163694443,30.38965768390386
77.50775862500001,12.960810375,15.135610859142018,27.621995630007284
77.51860269999999,12.955293333333335,41.302283498026455,80.2257829570284
77.51769510000001,12.956700666666668,47.565584995980856,88.71085214857976
77.51854909402174,12.956344644021739,49.38602026558161,84.10415149308085
77.51788051999999,12.958292320000002,48.671778453342846,93.75455207574655
77.51897450581396,12.957829700581394,51.88329169803108,95.97596504005827
77.50938389000001,12.96095782,27.243667682044638,62.682083029861616
77.5106659875,12.961069575,35.503836369900654,65.07647487254188
77.51181710061539,12.960920533538461,38.486791011996736,58.958485069191546
77.51293787272728,12.960631527272728,36.801112072678144,73.54333576110706
77.51083798214286,12.96120532142857,36.16331638947155,70.46613255644574
77.5096086,12.9628301,23.39030784220099,81.40932265112892
77.51087382,12.96289908,27.991050698299194,73.9075018208303
77.51158173333333,12.961188633333332,38.095550536848606,58.867443554260745
77.5129267,12.961305,35.8043445659248,83.19373634377276
77.51618501407965,12.959342961856473,35.53283888120031,82.37436270939548
77.514684875,12.960265075,31.48352249117246,85.72469045884924
77.51590831428572,12.959840757142857,32.5237957016335,55.353241077931536
77.5172548,12.95894685,42.37473564006201,83.12090313182811
77.51908095833333,12.958858878333332,45.66598216198351,92.88055353241079
77.51943736666666,12.959884100000002,34.47645878312779,82.2742170429716
77.4483342,12.988578,0.3935427820351455,38.76547705753824
77.44891505,12.98865515,0.3992024405785122,31.882738528769117
77.47266248,12.98850834,3.2899076093332087,45.15659140568099
77.4730826625,12.988489375,3.524607563848202,42.643845593590676
77.47512249090909,12.987539563636364,4.282289819477896,46.54042243262928
77.4726177,12.988723133333332,3.2098668426937156,36.85360524399126
77.4918833,12.9699933,0.3018022556998168,8.448652585579024
77.4966504,12.970035344444446,1.353698339972641,5.662782228696286
77.47929625923076,12.985576567007922,4.433367877988999,26.60233066278223
77.48018164074074,12.98538231851852,4.21312095914711,35.87035688273853
77.4810965,12.9851836,3.791041962903834,28.386744355426075
77.4828535,12.9848872,2.761184937191644,28.295702840495267
77.4850139,12.9854225,2.1905743997701346,16.569555717407138
77.486063675,12.985576875,2.1816125609889614,11.398397669337218
77.4883794,12.9761329,0.23680668297920593,5.225782957028405
77.4878248,12.9772621,0.23231864269176136,6.026948288419519
77.4867645,12.9858377,2.199445124836936,5.680990531682447
77.4996883,12.9686517,1.3436888574818844,10.278587035688274
77.50245755,12.967793324999999,1.9885438484785374,0.23670793882010197
77.500935,12.9685292,1.4882270021559971,3.932993445010925
77.5048521,12.964474540000001,2.9421673438408575,11.143481427530954
77.504995675,12.966064525,2.9561040937892655,6.008739985433357
77.50394495,12.9670364,2.674475758697369,1.5477057538237435
77.5051765,12.9668174,3.491843021816735,8.994901675163874
77.5060281,12.969214,8.94736031134558,57.21048798252003
77.4977737,12.969803925,1.4298707694683228,3.841951930080117
77.4990755,12.9696124,1.3938804239518912,1.711580480699199
77.5071026375,12.971020775,15.858839174160584,56.8463219227968
77.50760158846154,12.971591647435897,17.35997263891592,64.79424617625638
77.50793625333334,12.972283659999999,17.74652318751774,63.43772760378733
77.5067626,12.9736221,13.673397953293229,60.28769118718136
77.5092049,12.9659471375,7.039041237354616,8.794610342316096
77.5094669,12.9668163,6.172485862835486,9.796067006554988
77.5097842,12.9682345,7.350987350814219,61.762563729060446
77.51031974444444,12.969060388888888,8.37596881652186,55.09832483612528
77.51060466666667,12.969540866666668,8.902924318679387,61.36198106336489
77.5114417,12.97138335,9.936186644673368,17.916970138383103
77.5127133,12.9720433,6.909699764171324,14.566642388929353
77.5088725,12.9734133,15.879072225613436,65.38601602330662
77.50910886037737,12.974099303773587,13.990150352920597,53.00436999271668
77.5119085875,12.97255204375,9.301681081200064,20.721048798252003
77.5126915,12.9733646,7.279190113031303,7.1558630735615445
77.512664,12.9737859,7.236254161648071,10.5517115804807
77.51320019166667,12.974333416666667,5.96501053001671,15.713765477057537
77.50959774,12.97517934,10.693364489626402,22.268754552075745
77.5100283,12.9767067,7.45457789767694,50.564457392571015
77.51345,12.97512626,5.229045372424814,4.333576110706482
77.5127815,12.9765282,5.502012834740323,25.473415877640203
77.5103704,12.9782152,6.212677470591186,47.10487982520029
77.51060885,12.97981136111111,5.572487907651396,35.45156591405681
77.5116655,12.979291871428572,5.656172824142972,32.683903860160235
77.5140956,12.9758293,4.090719812792285,10.752002913328477
77.51626563333333,12.9774601,1.794092513322742,15.640932265112891
77.516362,12.9778111,1.727198602542521,20.957756737072106
77.5170887,12.9802567,1.5188182559671164,22.541879096868172
77.5109761,12.9815891,4.028349703675715,44.86525855790241
77.5110253,12.981962,3.616451562763767,42.77130371449381
77.51714885999999,12.98048108,1.5588935476610442,20.083758193736344
77.47624809999999,12.986949099999999,4.3876717990721765,43.809176984705026
77.47772710000001,12.98618965,4.473511708574135,44.992716678805536
77.48760865714287,12.986018757142858,2.1587415160747683,12.418062636562272
77.48804794444443,12.986111522222224,2.103269828356001,4.20611798980335
77.4912802,12.9868368,1.4083515639093611,18.153678077203207
77.4875785,12.9912371,0.4941738740980025,7.86598689002185
77.49277465,12.987384899999999,1.371562634384409,23.233794610342315
77.49417737499999,12.9879415,1.825893935089943,57.52002913328478
77.4896285,12.9960719,1.8510689129351012,21.86817188638019
77.4819575,13.0008363,0.35095406362037884,22.778587035688275
77.4854115,13.0000588,1.7525639818480343,23.752731245447926
77.48879177419354,12.999410025806451,3.5908272479469856,7.119446467589221
77.48973478,12.997367360000002,2.739801399064202,12.18135469774217
77.48866496666666,12.9996542,3.562801087797357,8.958485069191552
77.4883334,13.0020076,2.3146701518546564,23.752731245447926
77.4876964,13.004302675,1.1409396785782442,11.161689730517116
77.49990797069736,12.989062686500757,19.52858386898849,63.21922796795339
77.50061496607142,12.989305819642858,21.9856003621592,54.71595047341587
77.50236035,12.989825570833332,23.774196189088194,63.74726875455208
77.50284015384615,12.990052415384614,23.16344303247052,64.54843408594319
77.50314,12.9899594,22.88467019175263,63.41951930080116
77.50528153333333,12.989845733333333,18.467510973989825,60.56081573197378
77.50366242711864,12.990205350626356,21.689283056689675,70.40240349599416
77.50478486,12.990188479999999,19.315254979056355,51.456664238892934
77.50647308333333,12.989348066666667,15.677825040048141,51.91187181354697
77.5078234948718,12.989183723076923,12.510553815699849,50.78295702840495
77.504721125,12.991402475,15.99763898809394,44.701383831026945
77.5077103,12.9925575,6.341651834027249,49.089584850691914
77.5080938,12.9927548,5.24517610502787,52.530954115076476
77.50923465,12.9884076,8.5357678846864,59.63219227967953
77.51918860075759,12.986878106060606,15.61151857101968,39.73051711580481
77.5193129065444,12.987472377353626,15.45991261416677,53.05899490167516
77.5284421,12.8597119,3.6029563034627032,38.273852876911874
77.52933807777778,12.860753244444444,5.1482165549121754,32.847778587035684
77.5297218826087,12.861451995652173,5.659207930213466,32.19227967953387
77.53020533200001,12.862544888,5.6009251198322385,25.491624180626367
77.530992,12.86278245,5.2376087643475415,29.652221412964312
77.5331024,12.8644912,3.5037956610684184,40.677348871085215
77.5331933,12.8652883,3.5214987664967006,26.14712308812819
77.53428596,12.86618974,4.090754952464152,39.8761835396941
77.53542145,12.866268133333334,4.407961901331768,38.74726875455208
77.53446199999999,12.86675005,4.427511172834251,37.94610342316096
77.5349931111111,12.867006188888888,4.810334336875966,35.67006554989075
77.535967,12.8685399,5.889076393398284,43.60888565185725
77.53639570714286,12.868761699999999,6.10336670832635,48.197378004369995
77.53708606000001,12.869698346666667,6.478972443575058,51.14712308812819
77.537496225,12.8702253,6.626276270297725,38.310269482884195
77.538120675,12.870906375,6.802824776466497,43.28113619810633
77.53894695909091,12.871604454545455,7.019652593805199,30.18936635105608
77.539283775,12.872448825,7.270744964104482,42.93517844136927
77.5381248,12.8745583,5.164397666390197,35.53350327749454
77.5399886,12.8742859,7.5217783934412505,35.53350327749454
77.54077253448276,12.874133286206895,8.11890557468255,47.013838310269485
77.5387601,12.8750009,5.557028559569615,33.06627822286963
77.54190336666666,12.8742499,8.54382579308054,42.66205389657684
77.542055375,12.87497065,8.85662307334203,44.81063364894392
77.54369343901479,12.875601183775402,9.281248331064246,54.46103423160962
77.58816885,12.844480449999999,0.4858554756467776,17.297887836853608
77.5879195,12.8458396,0.6089582470551569,22.487254187909684
77.58803723333334,12.850816516666667,1.795378525372495,13.437727603787328
77.5886317,12.8496067,1.3217011184653673,12.636562272396212
77.58824893333333,12.8507904,1.8019294934026988,16.07793153678077
77.5882695,12.8523547,2.618787341607759,29.9435542607429
77.58853628888889,12.853333655555556,3.2772286187814954,35.03277494537509
77.56651447777777,12.872579838888889,1.554228548092819,3.0772032046613256
77.5702791,12.8712858,0.8348085873253782,2.2760378732702113
77.5703792,12.8711034,0.7950035280615315,5.835761107064822
77.5757152,12.8691162,0.12672141989398605,11.10706482155863
77.5812745,12.8669958,0.11920901442724448,6.372906045156592
77.5832174,12.8707527,0.17534789568068854,15.40422432629279
77.5838721,12.8740778,0.134236258637375,16.29643117261471
77.58864016363636,12.85501538181818,4.467428407325218,18.699927166788054
77.58889367760808,12.856175075354344,5.090732763567065,24.3809176984705
77.5889722800835,12.85758227295307,5.1196298976106185,25.036416605972324
77.5904178,12.8573862,4.505299958504335,23.306627822286963
77.58925683726082,12.858412586642293,4.66964251553161,18.827385287691186
77.5896669,12.858823650000001,4.248490929987557,20.320466132556444
77.58983886666665,12.8605422,2.610093653776595,20.347778587035688
77.59001186666667,12.8612621,1.9517150833500574,20.347778587035688
77.591696925,12.86560775,0.49246878045124276,11.361981063364894
77.5924971,12.8676657,0.6287122678556322,19.09140568099053
77.5934239,12.8729699,11.45664965638306,64.07501820830298
77.59424907407261,12.872951745408681,13.72241935755187,49.63583394027676
77.5942923,12.87372595,18.14850910765676,57.865986890021844
77.5952301,12.873332,17.838094682955067,75.20029133284778
77.594755225,12.87513495,26.96633440985801,65.51347414420977
77.595326859375,12.8754627,29.70903909868082,61.54406409322652
77.5964674,12.87592236,30.45097143555281,56.955571740713765
77.602269,12.8726719,1.1940614537130656,64.16605972323379
77.5292786,12.8762617,0.2552640873581719,26.52949745083758
77.5308781,12.8760097,0.30869120321085186,28.641660597232338
77.5380934,12.8865023,0.09891472317258844,22.22323379461034
77.537668,12.8931845,0.08293485028752699,20.101966496722508
77.54419998,12.876177000000002,9.302322132172,48.27021121631464
77.544891564,12.87669791592324,8.970996021379218,34.10415149308085
77.5456411,12.8767663,8.192576949300689,54.26074289876184
77.54516127,12.878084480000002,8.487665039589196,42.297887836853604
77.5441106,12.8802255,6.211862105989502,30.62636562272396
77.54525173731791,12.879371325946334,7.611889302765805,23.652585579024034
77.54582555714286,12.879883985714287,7.125780314831417,27.94974508375819
77.54606995566533,12.880725812683696,6.493492774146854,41.8244719592134
77.55220645,12.88050845,1.6075237704153653,9.668608885651857
77.5425632,12.8824779,2.255579896788616,28.568827385287694
77.5464031125,12.882631625,5.036864874140306,30.46249089584851
77.5491931,12.8827779,4.5261611686757695,32.319737800437
77.54887845714286,12.883326949999999,4.498669746426503,23.488710852148582
77.55060334343734,12.883959959065274,3.267484824032879,28.623452294246178
77.5512685,12.8837682,2.8607251102411855,13.38310269482884
77.5509496,12.8842473,2.9064738077055563,21.303714493809178
77.555305,12.878585,0.47107032608245897,6.873634377276037
77.5552033,12.8787714,0.4954977550484306,6.873634377276037
77.55531055,12.8787812,0.48672742730565677,0.49162418062636565
77.55538200000001,12.885284949999999,1.3220975445101628,6.591405680990532
77.55607922892878,12.88570952706229,1.7584763136197512,17.625637290604516
77.55721876512754,12.886065525187252,3.2115753367928854,37.144938091769845
77.5603659375,12.8861167375,11.969797025380274,49.16241806263656
77.5608208,12.8862491,13.992823479069749,53.91478514202477
77.5628007,12.886806,20.274871407044365,55.53532410779315
77.56171865486269,12.88771702112379,22.46628504480916,46.74071376547706
77.56244589189188,12.888225998648648,24.77691529227614,49.32629278951202
77.56190354949999,12.888423351,24.054965471776608,51.711580480699205
77.56286536046511,12.888636081395349,25.044242814376236,52.84049526584123
77.563319568,12.889741968000001,22.435366870244824,53.44136926438456
77.55504350797625,12.894793230731342,0.8440147806903258,15.240349599417335
77.55578611117335,12.894887919731513,0.892116819666345,26.00145666423889
77.5628,12.8935967,5.862702023106277,40.13109978150036
77.5299793,12.9048421,3.099420595010876,66.75163874726876
77.5325077,12.9037123,3.301198894641553,58.94027676620539
77.5330025266629,12.906883802656584,10.225437947703131,61.81718863801894
77.53281174751686,12.907933210888473,10.683229686620576,60.9340859431901
77.53364026109679,12.907266407253399,10.310074015425236,61.835396941005094
77.53498177,12.906572277939109,7.796224845652561,61.41660597232338
77.5382042,12.9084427,3.5130970158365944,10.178441369264386
77.53984359,12.907122338852444,5.19497382126489,30.12563729060452
77.5410806,12.9072639,7.298900893669141,43.31755280407866
77.5390388,12.9077195,4.112243694679042,30.12563729060452
77.5404989,12.9077082,5.817482050500567,42.51638747268755
77.5205878,12.9157831,0.8391853583640491,10.5517115804807
77.52058695714287,12.9165967,0.8770930348395248,7.611070648215586
77.5206017,12.9171967,0.8540472696821314,5.835761107064822
77.5345151,12.9099655,6.166435416504668,63.346686088856515
77.541364,12.9196589,3.7287569931020412,37.65477057538237
77.5441708,12.9009745,1.5093252368591514,74.59031318281136
77.5445755,12.9025405,4.461651182467031,74.59031318281136
77.54245941489361,12.905841042553192,10.47129687560251,61.14348142753096
77.5431949,12.905671499999999,11.95792786771144,69.70138383102696
77.54168326,12.906412679999999,8.945850795686503,31.95557174071377
77.5453650916532,12.90667309980559,17.509580590935116,70.42971595047341
77.54617207628596,12.906885396315662,18.48579175973225,71.06700655498908
77.5471233,12.907341,19.271088745440178,90.29497450837583
77.54813570725165,12.908340679518664,20.50505709601705,92.26147123088128
77.5484008,12.90845,20.775476428353333,85.96139839766934
77.5587867,12.89948,0.18672204509133067,15.695557174071375
77.55817878,12.90590408,0.6569822577511749,49.2898761835397
77.54638430060277,12.912614463083464,6.161585811499824,87.47268754552076
77.54679284277248,12.914019285458064,3.923167520572337,84.66860888565185
77.5494154264563,12.90937788486268,22.086385980894722,92.0611798980335
77.55011374602857,12.909669959960011,22.271618841501375,89.89439184268026
77.55114997479343,12.909485820576311,20.782211681171766,78.78732702112163
77.5519639942071,12.911330425768405,16.901296650553846,90.38601602330662
77.55225157312546,12.911793540026787,14.749401413964717,90.51347414420977
77.54214150797652,12.919232017484331,3.9196666910852285,43.13546977421704
77.55256659358511,12.912500831310556,11.5760978902332,89.11143481427531
77.5584767,12.9091567,1.119125690879817,24.908958485069192
77.5583632,12.911329225,1.4022725897635862,29.24253459577567
77.55877685,12.911992070000004,1.2541617097176436,6.445739257101238
77.5598808,12.9143875,1.2554545445492866,13.510560815731973
77.55373755,12.9144902,3.835309401048022,82.24690458849236
77.55994125000001,12.914612475,1.293237553164631,4.0786598689002185
77.559684,12.918356175,2.1802786171031783,13.765477057538236
77.55976895714286,12.918724514285714,2.2804845914467085,18.171886380189367
77.5655011,12.88681395,12.782433615311366,55.3714493809177
77.5709021,12.885416450000001,1.350646058767332,10.579024034959941
77.57076654545455,12.885925354545456,1.495705894785045,4.351784413692643
77.56412325,12.8880523,21.802638124794157,55.462490895848504
77.56532506666667,12.88698945,14.049354298612542,53.93299344501092
77.56356778333334,12.889270866666665,23.239124665850145,56.345593590677346
77.56400130909091,12.890326063636364,18.728303322725978,63.29206117989803
77.563725475,12.891941074999998,12.032454366700435,51.20174799708666
77.5714388,12.8909533,3.3030589878934427,24.435542607428985
77.5717606,12.8907785,3.0062803032179977,35.296795338674436
77.57211159230769,12.89184056153846,3.5546058297366265,26.54770575382374
77.5734979,12.8917378,2.4867050211374764,30.152949745083756
77.56731210000001,12.893796649999999,6.548451859200661,31.4639475600874
77.56782547727272,12.893739127272728,6.646646145721693,21.04879825200291
77.5674998,12.8938542,6.568680734489035,35.05098324836125
77.56799390416667,12.89398845,6.626988575997887,32.95702840495266
77.56910706666666,12.8948465,6.473341620936341,42.88055353241078
77.5719867875,12.8929539,4.273784183340893,21.64967225054625
77.57018648571429,12.895998914285714,5.704417621797555,40.367807720320464
77.5705146,12.896228033333335,5.464546421632527,38.619810633648946
77.57121490555556,12.897318088888888,4.5150443348948155,38.255644573925714
77.5795207,12.8919538,0.8079681179873781,13.255644573925709
77.5820077,12.8883185,0.40058520722570934,9.195193008011653
77.5818424,12.8910123,0.8293839638985729,9.085943190094683
77.58066368,12.892063060000002,0.8856907496627463,6.846321922796796
77.5818565,12.8912943,0.8517889366059245,5.8994901675163876
77.5950311,12.8770783,29.25852584193007,67.2978878368536
77.59545560288461,12.876409674038463,31.240353012651255,53.27749453750911
77.59557092487074,12.878297930398709,25.118842874049857,65.47705753823743
77.59541027499999,12.879327,19.653727961295456,68.84559359067734
77.5959646,12.881447200000002,12.930619405144236,31.937363437727605
77.5958688739726,12.88182161780822,12.263134332074609,23.142753095411507
77.59600444,12.88328752,10.412654569394668,31.809905316824473
77.59622605555555,12.884527211111113,8.701891610903512,8.83102694828842
77.59684413083333,12.876270978333334,29.52316784079869,50.68281136198106
77.5972224,12.8781774,22.748389299999477,63.98397669337218
77.597645,12.8814207,11.511612576755997,28.22286962855062
77.6024602,12.8775174,2.298627887636814,39.85797523670794
77.59722535833333,12.884103983333333,9.498967777184252,27.112163146394757
77.5984918904762,12.884032519047619,8.447878084280937,3.5142024763292063
77.59777832776308,12.884346855940883,8.856828181386541,13.820101966496722
77.59796691538462,12.884395746153846,8.638094812378881,4.115076474872542
77.59678363333335,12.886446866666667,5.605161498255866,13.310269482884197
77.5979153,12.8859138,6.378357206095552,10.624544792425345
77.60045,12.8842183,5.308743520074743,19.37363437727604
77.60725,12.8833483,0.9037235129063311,15.258557902403497
77.60199120637351,12.884524457438497,3.1671966895715213,22.432629278951204
77.5916774,12.8881896,0.8957316077283255,10.096504005826656
77.5916645,12.8896484,0.8296300046590681,2.4034959941733427
77.59604705000001,12.8871723,4.267507255458931,8.61252731245448
77.591579,12.8897526,0.8032683466551471,5.162053896576839
77.59430013333333,12.891198833333334,2.2679707696076634,8.503277494537508
77.59582393333334,12.891117066666666,3.841421513771428,11.689730517115805
77.5861017,12.8936433,0.9033479272924244,29.388201019664965
77.5859848625,12.8958594625,2.0031801938783347,27.895120174799708
77.58604733333333,12.896977533333333,2.963469515744164,31.300072833211946
77.5969805,12.887331566666667,4.40565478030744,12.563729060451568
77.59776529999999,12.89027205,4.539583569663792,17.55280407865987
77.597970375,12.89037405,4.758553113752664,20.22942461762564
77.59837669999999,12.8913806,6.849908585956087,45.90313182811362
77.6047454,12.8916717,1.2288833691611765,45.429715950473415
77.60699185,12.891245099999999,0.49416723056131723,19.664967225054625
77.59890647826087,12.89337957826087,11.984002102916747,36.01602330662782
77.59898821698113,12.894609216981133,13.451112725632212,34.796067006554985
77.59924678648649,12.895060882432432,13.34624137860411,36.10706482155863
77.598865075,12.895723,12.5917375706649,41.31463947560087
77.59948759,12.89599044,11.978772835033201,40.3495994173343
77.5996476,12.8965924,10.46754843209998,47.97887836853605
77.60644042727273,12.897779409090909,2.699680336388709,18.481427530954115
77.57215406666667,12.898399477777778,3.4093802428148177,22.760378732702115
77.57267638073826,12.89959950247501,2.552113987678512,29.33357611070648
77.5734292,12.9030321,3.6478578189607576,33.658048069919886
77.5650205,12.9043832,0.21744883062047896,15.067370721048798
77.5650816,12.9085654,0.5560218216820062,3.222869628550619
77.57331496923076,12.903893069230769,4.850782951329647,20.59359067734887
77.57343119,12.90601824,8.691358660827596,25.76474872541879
77.57147004999999,12.90720805,8.679071815642342,29.461034231609613
77.5707018,12.908093399999998,8.2899038151952,34.52294246176256
77.57246778583333,12.9067856975,9.548152520534321,37.545520757465404
77.57356994999999,12.906566503571428,9.815285007267622,34.304442825928625
77.57291253333334,12.908130866666667,12.972469067090023,35.83394027676621
77.5732161,12.9079633,12.81094511373723,35.01456664238893
77.57836785,12.90604165,4.773438525472871,18.936635105608158
77.574697225,12.906474275,9.154243911182755,26.93008011653314
77.57601864,12.90645294,7.6035828655683675,18.08084486525856
77.578243725,12.90675485,5.576809261842468,12.654770575382374
77.57891265,12.906450450000001,4.93663561977925,6.063364894391842
77.58045703333333,12.906022666666667,4.742972791543767,17.11580480699199
77.5825339,12.9061734,6.74926893314447,20.66642388929352
77.5849715,12.9054741,9.99068108472051,40.85943190094683
77.58061193,12.90645758,5.055292175853314,11.798980335032775
77.58221208888888,12.906287211111112,6.3622359477441215,10.524399126001455
77.585204,12.9065177,10.17281528439269,34.95994173343044
77.56735710000001,12.912552699999999,3.523573875856745,7.702112163146395
77.5679162,12.9120219,4.321442754137441,11.289147851420248
77.56716106666666,12.91375265,3.7182020724341616,10.99781500364166
77.56785065,12.914182,5.388907061411941,9.231609613983977
77.57296774,12.90984525,17.25836249174083,47.63292061179898
77.57310109999999,12.909841633333334,17.396283174864156,52.8951201747997
77.57297727708333,12.911142045833332,20.265371847279614,59.48652585579024
77.57347406891891,12.91099773918919,20.366632920879525,50.34595775673707
77.5729066,12.9121644,22.61522657137047,45.411507647487255
77.57319333333334,12.912922033333333,25.466875875904936,58.35761107064822
77.57258868,12.913636985,26.96865667408302,47.57829570284049
77.5733316,12.913866314285714,29.86072490150061,52.91332847778587
77.5656275,12.9146511,2.2720392253086747,6.099781500364166
77.5688549,12.9151519,9.854422133551438,12.49089584850692
77.5643515,12.9178923,2.2727065763597065,2.7858703568827385
77.5650983,12.9176366,2.374152662978154,4.84340859431901
77.5637899,12.9191406,2.267563634733141,18.64530225782957
77.5664381,12.9186262,2.836670239719257,7.683903860160234
77.57115834999999,12.916519339999999,28.497144945774007,63.328477785870355
77.5730111,12.9156586,38.59712110139813,74.49016751638747
77.57355521304348,12.915358243478261,38.49502510797184,67.45265841223598
77.57274461333333,12.916705720000001,40.13730557756372,74.90895848506919
77.5735230595099,12.916874094172112,42.856701334427875,78.04078659868901
77.57159666666666,12.917937233333333,30.128387559896886,66.00509832483613
77.57270355,12.917534,38.82838367890987,74.14420975965041
77.57354008073588,12.917421466251,42.05471279411329,78.71449380917699
77.5740584,12.919388000000001,29.48788124042748,57.17407137654771
77.5771533,12.9091183,10.05903352293242,13.892935178441368
77.57570985,12.9110496,16.93020005187335,50.89220684632192
77.57647248947369,12.911031399999999,14.647810549109666,45.065549890750184
77.57826975833333,12.9110187875,10.052523086094604,15.112891478514204
77.578953975,12.91106115185196,8.951242207142235,15.7319737800437
77.57869205,12.91232545,10.792355783702567,18.31755280407866
77.57886438333333,12.913402633333334,12.652710019087726,27.27603787327021
77.58063924285715,12.910752728571428,7.836992903515339,9.431900946831755
77.58212084,12.9106046,9.57464960580575,18.882010196649674
77.5829083,12.9106067,11.540227472462925,56.75528040786598
77.58502030666666,12.910634929999999,17.566617929498303,48.59796067006555
77.58538700000001,12.912182825,21.76948304026765,59.122359796067
77.57477,12.9148388,34.45162089136337,67.24326292789512
77.5791205,12.9148823,16.854236848826783,54.00582665695557
77.57818345517242,12.917089951724138,26.835906578978456,46.30371449380918
77.57922846451613,12.916990848387098,22.890968902166232,45.59359067734887
77.57499250000001,12.917651200000002,40.104401840769036,78.09541150764748
77.57596149999999,12.917815914285715,35.89097061095495,72.88783685360525
77.57637715,12.91918645,27.318685551130823,49.56300072833212
77.5778378304878,12.917531234146342,28.31595823736855,65.91405680990532
77.57943541428571,12.917261914285714,22.635176990501048,55.84486525855791
77.5778633,12.9185583,26.26676963503038,60.542607428987615
77.58049726666667,12.9170785,19.714312270351773,50.873998543335766
77.58371956666666,12.9169646,18.293419663585738,46.52221412964312
77.5846874,12.9171081,18.493175910637106,55.2257829570284
77.5802037,12.918349,21.607677339410213,45.35688273852877
77.5807652625,12.9197279375,21.43285483375024,53.22286962855062
77.5817404,12.9198827,21.992908389885567,47.15950473415877
77.5836184,12.91781004,18.999222904840867,38.401310997815
77.5844649,12.917219150000001,18.542088270830686,52.3306627822287
77.58366381111111,12.919565273611111,21.752709247960713,17.680262199563003
77.5858701,12.8982967,4.466514631798946,53.69628550619082
77.58586421111112,12.900264413333334,6.988083141637316,52.38528769118717
77.5858629,12.901556183333334,8.442000478724875,47.23233794610343
77.58576624000001,12.902915033333333,9.645858769128589,50.38237436270939
77.59354137826087,12.901180782608696,5.634437595381646,26.474872541879098
77.5939974413793,12.901691427586208,6.016364115682631,13.7836853605244
77.59493993333332,12.902874833333334,6.35059178110123,28.79643117261471
77.58570871785714,12.904391821428572,10.387469588718249,42.22505462490896
77.58568968846154,12.905336292307691,10.482851739970403,34.37727603787327
77.59086865,12.906156750000001,9.67118983635527,31.97378004369993
77.585737,12.90646682,10.529496345593047,34.54115076474872
77.58750152,12.90663682,10.721654066367794,28.33211944646759
77.5876225,12.9088405,13.203269472167475,27.157683903860157
77.58910113333333,12.9062799,10.05548178819804,23.525127458120902
77.59051284761905,12.906399109523809,9.790541929261037,34.2680262199563
77.5920275,12.906071433333333,9.367553854200697,43.517844136926435
77.59323805,12.906160583333333,8.891961441991468,26.456664238892934
77.5948914,12.9036123,6.9271314867321,33.867443554260745
77.595051,12.905756675,9.02176594382209,14.348142753095411
77.59517405000001,12.906007216666666,9.407123893229805,12.199563000728332
77.59151122608695,12.906367052173914,9.539269107914471,42.86234522942462
77.59297881428571,12.90625337857143,8.980600691041717,27.986161689730515
77.59505030000001,12.906913000000001,9.795561662166874,18.40859431900947
77.595128,12.9062204,9.532590513100335,23.03350327749454
77.60099994999999,12.9002863,2.664263638272393,31.39111434814275
77.60112294999999,12.90166915,3.812029562697587,33.04806991988347
77.6010244,12.9021155,4.897618144483976,29.260742898761837
77.6060175,12.8982169,2.7263142509470284,24.65404224326293
77.606332525,12.8981771,2.6912459302537255,19.136926438455937
77.6013361,12.9039067,14.22206900676027,51.50218499635834
77.6019123,12.9061037,33.367100791175346,78.05899490167516
77.5990083,12.9068059,33.590748683274754,77.74945375091042
77.60024564492753,12.90741895942029,44.07320654862471,72.12308812818645
77.60103351186442,12.907079930508475,43.284991866270765,72.63292061179898
77.60032008218391,12.908173175287358,45.79490928367071,69.90167516387473
77.60088423975903,12.908452586144577,46.19082951991209,65.69555717407137
77.6021751,12.906023229999999,31.471422263172716,75.45520757465404
77.6024384,12.9065605,34.1461037284689,78.1318281136198
77.60199986794872,12.908273430769231,42.84762850290133,62.4544792425346
77.58776555,12.909214200000001,13.792996007227186,23.343044428259287
77.58593441000001,12.910852299999998,19.45031766250396,67.07938820101967
77.5876165967742,12.910828241935484,17.587014424835868,58.621631463947566
77.5893052,12.910266,11.905726059674514,21.176256372906042
77.59031333333333,12.910250766666666,9.129566515035538,19.337217771303713
77.5890681125,12.9103868625,12.705112344496627,14.420975965040059
77.5896795,12.9103651,10.86564787026402,21.176256372906042
77.58583003466666,12.91231394,22.35949660922226,67.9169701383831
77.58727010000001,12.911928133333333,20.21196318418592,62.873270211216315
77.5858100367347,12.913877553061226,22.207888294510887,67.17042971595048
77.5902449,12.9118743,9.26965741228395,21.176256372906042
77.5952837,12.909036466666668,9.47644197292489,12.581937363437728
77.5948423,12.9103405,6.8762400549053515,12.099417334304443
77.5951392,12.910463499999999,7.5222334124466785,8.08448652585579
77.58582138461539,12.91514744871795,20.312117545312734,65.18572469045884
77.58585193529412,12.916697020588236,17.8282659763671,50.68281136198106
77.58713315,12.91698055,14.61203427949204,42.170429715950476
77.5894966,12.916867366666667,9.754953388989474,37.791332847778584
77.5898203,12.916788500000001,9.774855717162433,37.791332847778584
77.58587991666667,12.917591333333334,16.98706720307239,36.08885651857247
77.5890184,12.9173203,9.78285175130196,47.08667152221413
77.59310887142858,12.916894285714287,24.76329975089706,71.12163146394757
77.59468038181818,12.91689255909091,36.023620303179364,84.95994173343044
77.59567165084746,12.91686991864407,39.86628660059808,87.14493809176986
77.5927531,12.919554,14.824699160503101,60.26948288419519
77.59501405,12.9173303,37.751654218311614,81.96467589220686
77.60020383636363,12.911172063636364,26.702077430856065,64.91260014566642
77.5986559,12.9129031,16.366749447686345,49.86343772760379
77.5987516,12.914284,19.436130218904605,76.80262199563
77.6019055,12.9117691,24.96873142899346,62.163146394756005
77.600022875,12.9137468,16.358565095286863,20.793882010196647
77.602229,12.9118545,24.987812583911772,78.93299344501092
77.60414191746032,12.913504487301587,29.91410136479983,59.013109978150034
77.6063409,12.9120461,31.08583333160563,80.35324107793154
77.60533195284553,12.913602782926828,35.00369746337865,56.418426802621994
77.60664851626507,12.913698028313254,36.77384171540682,61.234522942461766
77.59687156666666,12.916895453703704,38.98628685899901,80.51711580480699
77.5997242,12.9144857,17.439810448016964,49.52658412235979
77.6014258,12.9166335,13.983839929158428,32.9388201019665
77.59688395714286,12.917704577142857,37.99272916744695,89.18426802621995
77.5969976625,12.9188608125,31.15683576232137,76.51128914785143
77.600201775,12.9191814375,14.003118442923084,47.65112891478514
77.6007832,12.9198229,10.346221559005748,49.50837581937363
77.6060223,12.9154111,29.75990161278321,83.35761107064822
77.60505593333333,12.91657575,19.3594829866076,75.98324836125273
77.644088,12.8402081,77.53267809824132,96.26729788783686
77.64193722499999,12.842820450000001,49.42640696409039,88.45593590677349
77.64425733174603,12.841419471428571,99.86225454473177,88.82010196649672
77.64481532289156,12.84159593373494,109.98034345743878,86.47123088128187
77.64420839333334,12.842201117083334,101.47940222168127,87.23597960670065
77.64552973549223,12.841866386010363,117.24933924937352,77.20320466132556
77.6469727264706,12.841577935294119,110.51960497191992,79.78878368536051
77.64761133500001,12.84157289,100.86975855002432,76.34741442097597
77.64628015663716,12.841858415339232,117.01203452067791,79.87982520029134
77.64746154719101,12.841669841573035,103.6068239529401,78.5142024763292
77.649558824,12.84106974,58.94025116042001,70.08375819373634
77.650526246,12.840818647999999,39.81490883526828,65.40422432629279
77.6386788,12.8433688,6.32671310686741,92.82592862345228
77.64423065081441,12.843402857052189,88.67090989180305,97.23233794610341
77.64462,12.843442677777778,92.75765635962078,94.68317552804079
77.648705,12.844475,42.62625723309644,85.68827385287692
77.64753010000001,12.846312950000002,21.47617885979289,93.22651128914785
77.6134364,12.8614371,0.08021794536373858,9.70502549162418
77.61689526,12.875832485,3.816685167634267,4.879825200291333
77.618489,12.8744178,2.607295454718259,10.752002913328477
77.64767945999999,12.85995896,0.4017276911764466,21.758922068463217
77.640255,12.8744217,2.0092096057391733,8.63073561544064
77.63977665,12.8753789125,2.2326330040870896,5.553532410779315
77.64100795,12.8742224,2.3474819071488517,11.41660597232338
77.641785,12.874175,2.9765130879508876,6.391114348142753
77.6434345,12.87375246,4.9421631554801,5.207574654042244
77.64498954999999,12.873827325,9.0878237351,55.26219956300073
77.6512956,12.871675,17.335643580640504,33.16642388929352
77.6496718,12.8723211,13.126943495555246,51.019664967225054
77.646325575,12.874116075,14.260914896526279,61.74435542607429
77.6475409,12.8745345,18.628837704666303,63.765477057538234
77.646943,12.8759643,21.168481088837463,62.19956300072833
77.648191799,12.875557188,21.403981311837903,59.14056809905317
77.6493012,12.8741247,17.35908228854063,51.82083029861617
77.64885723421052,12.875130413157894,20.00035363772814,60.84304442825928
77.652195,12.8402667,17.097287314811442,71.72250546249089
77.6530142,12.8401905,10.939870869830587,62.96431172614712
77.65209305,12.840397125,18.30577046500643,59.6504005826657
77.6571115,12.8390489,0.7593308041549541,22.887836853605243
77.66314299999999,12.840035499999999,1.014539731896311,2.3670793882010197
77.6639803,12.8400091,1.0075025210422694,3.5688273852876913
77.6632761,12.840489216666667,1.0489957475527365,0.1638747268754552
77.6646393,12.8418883,0.9574842935925896,1.347414420975965
77.6569231,12.8445814,0.6510199438060021,35.23306627822287
77.65794908000001,12.8478567,2.322780667926605,21.667880553532413
77.65745645744681,12.8509053,4.2401376429596205,58.30298616168973
77.66553692,12.84532416,0.6287868625802299,4.643117261471231
77.67214098548133,12.84669496947519,1.2408482243788386,73.37946103423161
77.67873308333333,12.836299050000001,11.449781336009826,72.37800436999272
77.67923855555556,12.835662937037037,8.612534339357431,77.36707938820102
77.6805315,12.8354691,6.304625285333362,49.726875455207576
77.6773136,12.8378712,21.729873764858322,87.80043699927167
77.67822476666667,12.838612233333334,24.625650414096732,69.19155134741443
77.6770733599638,12.840172649451572,33.54749066362927,84.34085943190095
77.6777891,12.83928355,29.345850458853498,75.69191551347414
77.67592095,12.840849783333333,32.17728017595121,85.79752367079388
77.67452865,12.842729,18.343382250353574,81.77348871085215
77.6759521,12.8417873,29.33890536732237,74.5265841223598
77.67668929407418,12.840781114583534,33.75877017876737,85.16023306627822
77.686397,12.842260966666666,1.488788982631358,39.512017479970865
77.68741235,12.8429371,1.6838291794040325,47.54187909686817
77.6809993,12.8457393,1.239120976618711,79.4246176256373
77.6878322142857,12.8436577,1.6689594090704636,87.85506190823014
77.6621129448276,12.854323651724139,11.325356874854347,59.10415149308085
77.66026124999999,12.8604725,1.5778371147086871,52.62199563000728
77.6609817,12.8598106,2.5928195602045636,67.82592862345228
77.66017943333333,12.861013333333332,1.2519028613241152,50.655498907501816
77.6584149,12.862737,0.8703450252232364,1.4384559359067735
77.6569928,12.8646479,2.6040889653525343,2.8495994173343044
77.6647593516129,12.854940070967743,15.341902247360933,69.31900946831755
77.6635777625,12.8562784875,14.45515422413166,82.62927895120174
77.66427241714285,12.855723525714286,15.579533112564912,78.44136926438456
77.66536847,12.85508702,14.512016840355145,77.71303714493808
77.6564732,12.865339033333333,4.3745699024740725,48.980335032774946
77.6551519,12.8672387,13.946325515162377,48.479606700655495
77.6555167,12.8667159,10.683530333109607,48.479606700655495
77.65337208333334,12.868952666666667,22.165766416714135,63.10997815003642
77.65247619282427,12.870140494609954,22.451787680007623,53.33211944646759
77.65344522058822,12.869932066176471,26.437745681747,50.43699927166788
77.6542939,12.87026905,29.54067315014938,61.30735615440641
77.6562255,12.870440078571429,27.898388721676074,69.2461762563729
77.65755216818182,12.870382972727272,21.94534225968275,70.53896576839038
77.6590253875,12.87014325,14.063991191174638,68.26292789512017
77.66061365,12.8689038,6.340439913116506,50.72833211944647
77.659963225,12.8694659,9.262854868389983,47.359796067006556
77.6521695,12.87101560625,21.594292093876586,26.656955571740713
77.65396281630376,12.870885395875746,28.90716046685016,64.85797523670794
77.654059725,12.872226375,24.50653041983222,56.991988346686085
77.65468780131143,12.87072589039668,30.146938262449513,68.00801165331391
77.65593507868853,12.870607603278689,28.77063515937032,61.99927166788055
77.65430003333334,12.8721653,25.074825972976495,62.80043699927167
77.654066225,12.873649525,15.93191388023508,52.03932993445011
77.6542538,12.8741217,13.058709060991946,57.84777858703569
77.65755011,12.87057562,21.912193722901133,70.64821558630736
77.65916795714286,12.870627685714286,13.27664167731499,64.60305899490167
77.66906764999999,12.874781200000001,5.852304420159961,38.13729060451566
77.67003263157895,12.875178663157895,7.31412669371395,38.05535324107793
77.67125045945946,12.875813897297297,7.929106148283288,42.680262199563
77.6745914,12.8549912,0.1209043346374776,62.81864530225783
77.6747128,12.8607345,0.3264070880153787,76.08339402767662
77.6747866,12.860748,0.326134851035615,76.08339402767662
77.674416,12.8611217,0.32247098225454934,76.08339402767662
77.6748423,12.8609553,0.32486603075356907,76.08339402767662
77.6105083,12.8767217,0.8759700473936546,10.624544792425345
77.61179966666667,12.876505466666666,1.3166898333851513,9.04952658412236
77.6098139,12.8792256,0.9766976209138278,8.148215586307355
77.60992092000001,12.881248979999999,1.193881870437422,0.3095411507647487
77.6148684,12.8765288,3.225922005817939,10.196649672250546
77.61652808800001,12.876099068,3.8462892902436496,1.1471230881281864
77.61000815999999,12.882597379999998,1.1643230565130216,1.8026219956300074
77.60966985,12.883017299999999,1.121230305742369,5.189366351056082
77.6259618,12.8767623,0.4633008898982774,10.160233066278222
77.62586346666667,12.878091,0.5322558017716266,12.6911871813547
77.6281333,12.8778617,0.42491063917486616,3.4322651128914785
77.6245689,12.8798135,0.4072959194548531,18.11726147123088
77.6273781,12.879434,0.4389963720821551,3.1318281136198105
77.6107718,12.889229,0.29876812248508744,15.84122359796067
77.6096705,12.8940914,0.6124960781731239,15.877640203932994
77.6257564,12.8900118,0.27516687549249946,12.017479970866715
77.61993076666667,12.892942166666666,0.38627337013868823,3.4959941733430444
77.6193121,12.8941154,0.40912037921418376,7.483612527312454
77.6214083,12.8976283,0.8773912556213133,8.758193736343772
77.6257782,12.8938018,0.7570667114935792,11.343772760378732
77.6258581,12.8946947,0.8587202537781792,8.557902403495994
77.626031,12.895707516666667,0.9540765835455872,2.294246176256373
77.637535,12.8785467,2.4509978587607626,8.71267297887837
77.6388964,12.8774479,2.8620308028297745,8.71267297887837
77.6359642,12.879275,1.5418384297148136,4.042243262927895
77.63696756666667,12.878955633333334,2.18035956662211,1.0742898761835398
77.6381365,12.8789673,3.316240288175004,10.01456664238893
77.63958345,12.879571325,6.3236664302346535,14.311726147123089
77.63920590094654,12.880778740682938,8.302211299541392,14.912600145666424
77.63462884418581,12.884901217993676,2.9368364041307142,2.6766205389657682
77.63589627127875,12.883861160830193,4.657713774803517,3.7144938091769846
77.6380986,12.8826082,9.837789447098334,32.128550619082304
77.63874174019416,12.883924686490523,18.16767276003076,47.50546249089585
77.63967667080776,12.884110533195894,24.903586289607883,70.19300801165332
77.63504253935533,12.884766248771891,3.6344240307104902,0.45520757465404227
77.63650061,12.885088766453896,9.12323010512428,8.375819373634377
77.6381917,12.88628,24.67950056702072,68.08084486525856
77.63953719037066,12.886258070825056,33.90454320498548,65.82301529497451
77.6455628,12.8782062,18.4938015143037,67.75309541150764
77.64097512730461,12.879445011273095,9.015779726986057,10.487982520029133
77.64136189192988,12.880620780410188,14.0613312539171,14.32993445010925
77.6417633,12.881225,17.809462803545724,35.72469045884923
77.64540775172414,12.87966094137931,18.312097721890005,42.37072104879825
77.64433662222221,12.881025155555555,19.809380814678054,40.203932993445015
77.64518791146845,12.880865527601447,18.78624082551476,38.47414420975965
77.64702179655173,12.876879313793102,21.569774508001064,57.75673707210488
77.64760492173913,12.876328333333333,22.05468065899118,61.58048069919884
77.64648398125,12.87766861875,20.320923750125086,60.99781500364166
77.6459567,12.8789567,18.677249736757606,61.07064821558631
77.64593181,12.880959975247276,17.33977617477418,45.26584122359796
77.641466025,12.881828975,20.006343939964683,47.99708667152222
77.64259165,12.8823738,24.569745936428827,43.69992716678806
77.6412644696,12.884043986140723,31.425010254040807,70.97596504005827
77.64288497619047,12.883589911904762,29.111480048223367,57.356154406409324
77.64421517777777,12.8817415,21.258693113614214,49.25345957756737
77.64345854285715,12.883760214285713,27.69222243165809,59.17698470502549
77.64147377449518,12.884665949845004,34.459091092417516,70.81209031318281
77.64230761818182,12.884838088311689,34.159082855406076,68.55426074289876
77.6413139803804,12.886200165662704,38.36218871794985,73.72541879096867
77.64192256,12.8858675,36.81908543260497,71.37654770575382
77.64672718264458,12.882496746287288,12.96343685188347,39.14785142024763
77.64934750074042,12.882553530997626,5.005387064882125,49.18062636562273
77.65022277191846,12.88244826356238,3.568856310578289,12.927895120174801
77.64903115908129,12.882947768867135,5.2596151524322305,40.95047341587764
77.64909241957261,12.886760432307105,2.9267985344150533,7.720320466132556
77.65066777526647,12.886821632409005,2.104388935112647,16.005098324836126
77.631853425,12.89184435,8.189782576265964,57.70211216314639
77.63231106250001,12.8921669,11.169725823509522,55.58994901675164
77.6363087,12.8892187,31.461654193070594,82.66569555717408
77.64001214061517,12.887997132547055,42.31108919007752,59.06773488710853
77.6388741,12.8893867,49.86091332166434,71.28550619082301
77.63966414864865,12.889235986486486,48.334178041662554,62.682083029861616
77.63752327333334,12.89235006222222,64.2832358398812,83.3211944646759
77.63848992991228,12.89075742016962,60.15272306748176,76.96649672250547
77.63956880274574,12.89025853109258,53.88077762998641,85.56081573197378
77.63826505288013,12.891855852547637,64.63793488903876,94.11871813546978
77.6332198,12.8928909,19.35744460170434,68.44501092498179
77.63455927142857,12.897413995238097,17.4512708652685,35.77931536780772
77.63708272680466,12.893178159880406,60.108899938347705,78.38674435542607
77.63598924867087,12.89498080622219,39.92630411022511,70.73925710123817
77.63667778142857,12.894263110782472,50.07259293680097,61.08885651857246
77.63794070263441,12.892563916874257,64.29823542115014,90.13109978150037
77.6394367,12.8926317,54.82355477670396,85.54260742898762
77.63772934192016,12.894629033549695,46.97262144255647,62.49089584850692
77.63580745238094,12.895893947619047,30.974589610350414,69.08230152949744
77.6363013,12.8953675,37.59939777428444,74.67225054624909
77.63521806386188,12.8971984865238,20.049959663901962,34.705025491624184
77.63864076217847,12.895869228969156,27.72138097738914,69.3918426802622
77.64092327804408,12.88739768284181,40.15628442419649,61.03423160961399
77.64206232387315,12.887943183731917,34.49267226027092,53.47778587035689
77.64105622466408,12.888930689874035,40.684941917267004,67.55280407865986
77.640458,12.8897704,46.195436878064605,68.62709395484342
77.6446749,12.89061225,7.701775374633091,34.97815003641661
77.64915556223457,12.887455198935434,2.6406491452035747,9.468317552804079
77.65015631215165,12.887812425391175,2.1179846440512375,11.726147123088127
77.6496317,12.8893641,1.706039081821467,7.2286962855061905
77.64693762236118,12.89027714677621,2.4141651143953093,11.999271667880555
77.6484215,12.8899384,1.7346685992846835,7.2286962855061905
77.6486333,12.8898001,1.7440103279406238,7.2286962855061905
77.6076074,12.9005562,1.4742574045365378,16.05972323379461
77.61810145,12.89916435,0.5125011182274356,11.507647487254188
77.61818926781416,12.89976480322524,0.5240722470706785,14.803350327749454
77.6114714,12.905161233333333,0.5610133055477058,7.811361981063365
77.612619,12.9057255,0.5733389065003173,8.102694828841953
77.613707,12.9082899,1.0058802497983221,11.270939548434086
77.6218883,12.8987133,1.1451984410694795,18.026219956300075
77.62215783333333,12.89981,1.5056639358773223,18.84559359067735
77.6265916,12.8987017,2.0200628076461293,25.136562272396212
77.62474121111111,12.903062511111111,10.259647069329423,13.947560087399854
77.62560688888888,12.903335866666668,16.261757845898394,82.53823743627095
77.627436625,12.902895,23.879667195159435,20.994173343044427
77.62626024,12.90356682,22.625540149453954,82.30152949745084
77.62700903333332,12.9036378,29.424576641577932,26.274581209031318
77.627645,12.9054933,58.910253337993375,97.30517115804807
77.62918631666666,12.90607845,77.60412356758935,91.27822286962855
77.6279274,12.90679355,70.70842021476533,96.63146394756009
77.62874659742647,12.906841741176471,78.2291750733226,95.0109249817917
77.6275183,12.9080733,62.354018588585305,94.26438455935907
77.62852324898356,12.908105617179926,70.72400505440798,84.19519300801164
77.61004523333334,12.910085116666666,8.834651463907724,14.821558630735614
77.6100128,12.910643914285714,11.31692719770574,41.67880553532411
77.6102075,12.9106829,10.83270086628557,39.16605972323379
77.60793287647058,12.913787956470589,33.384824127451544,58.39402767662054
77.60917824745762,12.913881011864406,26.46671287331496,48.925710123816465
77.6110682,12.912568,13.339568548023278,40.42243262927895
77.6103089,12.913976366666667,19.175094212596484,34.5047341587764
77.6142317,12.9096633,1.3529377545759933,2.8495994173343044
77.6083236,12.9154166,25.989006739073144,60.25127458120904
77.6100858125,12.9151075875,18.54742803595933,38.20101966496722
77.61006676666666,12.916489666666665,14.149318974762139,24.717771303714496
77.6101721,12.9155747,16.7091389565907,46.92279679533867
77.6106542375,12.916606337500001,11.997540153239804,20.92134013109978
77.6101492,12.9198813,11.472201156484322,54.9890750182083
77.6102401,12.9174298,11.307060145136095,22.86962855061908
77.61039336363636,12.919827163636365,11.349332197370082,45.22942461762563
77.61290062218904,12.919772237908823,8.107501960895117,49.89075018208303
77.615351425,12.915175049999998,4.096319466460389,10.360524399126001
77.61524394,12.916836080000001,4.484954707804718,9.81427530954115
77.61589086,12.915097888,3.8650296810657374,4.497450837581937
77.6168104,12.9160937,4.288797723779471,34.90531682447196
77.61315445,12.9195897,7.495218601240009,54.82520029133284
77.6235866,12.9143968,16.34599590084852,54.55207574654042
77.62660213333334,12.910159733333336,41.22366015841259,68.60888565185725
77.62609052065217,12.911411183695652,34.27415530377851,68.68171886380189
77.62715687,12.91004658,44.948726701918396,64.639475600874
77.628041,12.9091757,57.22050599744476,89.16605972323379
77.62692275714286,12.910568433333335,40.699095630968586,76.78441369264385
77.62513663846154,12.9125931,27.714634233946793,70.93954843408594
77.62572219940115,12.912542636901437,29.6111528217341,64.49380917698471
77.6244639,12.91371625,21.601795270397066,62.63656227239621
77.62550933428572,12.913187577142857,26.59292659313405,55.08011653313911
77.62341066,12.915577059999999,13.284542642655973,17.388929351784412
77.62160935,12.916672850000001,11.192358485117952,33.35761107064821
77.62316739999999,12.916306571428573,12.277574848490968,16.369264384559358
77.62082823848188,12.91968103614233,20.939698841148623,73.88929351784414
77.62214958181818,12.917649899999999,13.760024779534103,49.745083758193736
77.62321391818182,12.917692490909092,12.961895276532054,24.45375091041515
77.62131494,12.919668124,20.865101718687377,68.7727603787327
77.62459755,12.9171518,11.00681792723693,17.989803350327747
77.62914521428571,12.917000278571427,8.393750738852836,29.916241806263656
77.62452666666667,12.917389233333333,10.877864477103822,16.187181354697742
77.6333317,12.899302,10.533566931296683,38.60160233066278
77.63412385222433,12.898442835046977,13.115163999878881,36.43481427530954
77.63312739537749,12.900596064326864,10.523807364381778,36.325564457392574
77.633848875,12.899518775,10.706293069193446,36.598689002185
77.63170176193245,12.902705956759553,25.29893703590168,34.013109978150034
77.63308218571429,12.900914042857142,11.069862883487843,32.62927895120175
77.63276734183543,12.902519132096485,18.98385961989835,38.656227239621266
77.63884679,12.90161368,4.5067116767262565,17.734887108521484
77.63047615999999,12.90457978,57.8171422139148,84.85069191551348
77.63106255714285,12.903871628571428,43.763279325126824,65.73197378004369
77.63000803735403,12.905662547531735,73.98107110015856,80.44428259286235
77.62998718656716,12.906437843283582,79.13366696055888,85.41514930808448
77.6314754936508,12.906603132539683,66.68360293311018,83.44865258557903
77.63283138918919,12.906792556756756,49.49137728740946,65.36780772032047
77.63383098,12.90689232,38.64784579829317,47.56008739985433
77.63253702428571,12.908586718737597,53.638821440723895,45.53896576839039
77.6375517,12.90618,16.112906674109116,26.38383102694829
77.6387329625,12.905841083333334,12.549265822489597,9.304442825928623
77.63913291428571,12.905725785714285,11.57965027331195,24.417334304442825
77.63542002631578,12.907236247368422,30.512756828964406,25.21849963583394
77.63686211538462,12.906591146153847,20.442833148297368,20.193008011653312
77.635108325,12.907778675,37.062603026683774,25.6190823015295
77.6383058,12.9062975,15.635470937983621,26.820830298616173
77.6392149,12.9066313,16.079221980043428,22.08667152221413
77.638055,12.9089117,48.10216228869275,69.81063364894392
77.64525443970362,12.899298054447414,2.436800457016951,37.74581209031319
77.64526045158249,12.89943384805484,2.495624501879645,35.06919155134741
77.64125450219566,12.90246982548289,5.4794437006299015,37.63656227239621
77.6422109,12.903415892307692,5.9731766594211075,15.804806991988347
77.64706285,12.900149766666667,2.357473456759446,4.570284049526585
77.6475283,12.8994583,2.1947785623470444,23.780043699927166
77.65116705555556,12.898800533333334,1.8579480691072032,1.6933721777130373
77.6497797,12.8994015,1.9766227363375932,12.327021121631464
77.65060014000001,12.902612780000002,1.357353094788096,9.941733430444282
77.64204249714287,12.903552777142856,6.148828712641313,21.613255644573925
77.644444,12.9060525,5.541642533874045,36.89002184996358
77.6430617,12.9088426,15.412368673820131,28.11361981063365
77.6445097,12.906843,6.781200139389245,32.865986890021844
77.6444591,12.9085476,11.305659889726808,22.05025491624181
77.64455464999999,12.908309483333333,10.451702724155236,20.39329934450109
77.6499612,12.9036391,1.2309679030636977,9.249817916970137
77.65060965,12.90407015,1.1010825221989224,7.793153678077203
77.6491867,12.908425,4.319363406897719,27.749453750910412
77.63194235649654,12.911305367059642,55.74436482935968,74.81791697013838
77.63248802000001,12.909603720000002,55.27277390556619,46.249089584850694
77.63248383949106,12.91072180120583,59.63047987577348,69.10961398397669
77.6320847,12.9119211,58.019506043683734,66.64238892935178
77.63316210821918,12.912400031506849,73.78781708347945,70.5753823743627
77.63389906459433,12.912429960550549,84.20925354831836,67.95338674435543
77.63235960169062,12.91387630260729,52.8775892012598,68.35396941005098
77.63402524,12.913450800000001,79.19930684891712,76.60233066278222
77.63510814,12.909736380000002,66.50021684092786,79.91624180626366
77.63519775,12.9113324,92.20723205571534,84.72323379461034
77.6381115,12.9092328,53.51631559288007,70.15659140568098
77.63949331666667,12.909241216666667,42.79905265820667,59.54115076474873
77.63808172526595,12.911320511170214,84.5738606263673,77.87691187181355
77.63542750504932,12.912489847312461,98.38064589840033,76.3292061179898
77.63680996363637,12.912267722727274,98.68271425571383,78.8055353241078
77.63527643636364,12.91369450909091,85.66788873531955,76.01966496722505
77.63814410987655,12.912189072427983,86.12510534655438,77.03932993445011
77.63819003333334,12.913914722222223,67.79472100766485,74.83612527312454
77.6294152,12.9169682,8.861663502390966,24.745083758193736
77.63140920000001,12.916928899999998,14.160912016386064,24.089584850691914
77.63232812313744,12.915181109840706,37.16200550077089,60.81573197378004
77.63231566100112,12.916169591821518,25.10452112145407,28.277494537509106
77.63537094,12.915235659999999,55.68770592079843,67.60742898761836
77.6368993,12.9155549,47.28480518662549,42.316096139839765
77.63515974662747,12.916280135400418,35.40422208746519,25.837581937363435
77.63737484,12.9161836,34.56693769621699,29.060451565914057
77.6381195142857,12.9152819,44.980958543151026,57.829570284049524
77.63823815737705,12.916441375409836,27.30218451228381,21.522214129643118
77.63909158,12.916501239999999,22.389290378542462,22.933357611070647
77.6381260375,12.917729962500001,15.33975590875595,20.06554989075018
77.63817146666666,12.919082366666666,8.403316075908737,31.718863801893665
77.640945,12.90926,29.769049997556404,0.5644573925710124
77.6415319,12.9114347,34.780764107133365,24.107793153678077
77.644174875,12.90914895,13.644914202867563,28.004369992716676
77.6445627574468,12.90963400425532,14.13126671135799,29.20611798980335
77.64432744999999,12.910784150000001,16.703686309710555,38.346686088856515
77.64462502857143,12.911330504761903,16.093359714527764,40.91405680990532
77.6410561,12.911905149999999,40.70252634475767,78.11361981063365
77.64259806666666,12.911918666666667,24.56887336455793,24.836125273124544
77.64441239722221,12.9120087,16.161987474013255,27.47632920611799
77.64482103939395,12.912052427272727,15.047557601492512,32.15586307356154
77.64438150000001,12.913518,12.76084012146578,28.13182811361981
77.6447625,12.9134802,12.086114594245158,30.20757465404224
77.64630931111111,12.912040333333334,11.891246079993165,23.124544792425347
77.648202,12.9119691,9.20738230909947,32.82046613255645
77.649227975,12.9119014125,8.766575567743693,17.206846321922797
77.6511815,12.9119609,8.960557531076356,19.774217042971596
77.6429504,12.9152393,10.745260900285206,9.067734887108521
77.64489465,12.915580349999999,6.917835657914253,17.935178441369263
77.64479700000001,12.9167884,5.81193128316526,15.458849235251273
77.6409137,12.9175956,9.021677298983203,23.015294974508375
77.64482165000001,12.9178492,5.823191406454383,21.84996358339403
77.64373425,12.9196379,5.957104141092611,19.756008739985432
77.64507196923077,12.919531684615384,6.45687016554988,16.332847778587038
77.6549429,12.8779242,1.270072145811811,28.851056081573194
77.6551317,12.8807353,0.3891209789206034,10.624544792425345
77.6562061,12.8863523,0.257903238075659,10.979606700655498
77.67141458,12.876152580000001,7.811952422747788,49.98179169701384
77.67186215000001,12.8783031,5.0708568247041885,40.05826656955572
77.6720891,12.8782749,4.97645091242885,44.209759650400585
77.672065325,12.87914515,3.6589390966372743,43.00801165331391
77.6731186,12.8817929,0.841015004583727,49.90895848506919
77.6568471,12.893876,7.269841253027931,47.815003641660596
77.6575054,12.8938221,7.288138816030056,37.98252002913328
77.65722139823741,12.894397561029654,7.549212808213946,48.57975236707939
77.6577693,12.8954083,6.971730732723383,41.423889293517846
77.6584384,12.8969798,4.6212687185305334,41.423889293517846
77.6678388,12.8910162,1.7336458037392044,33.73998543335761
77.66701780000001,12.8917357,1.3799839003802257,29.679533867443553
77.67157872857142,12.88898682857143,2.591834874150521,39.71230881281865
77.67280563602735,12.888676029285241,2.3071199113059158,39.54843408594319
77.66901543333334,12.8899676,2.1986844203515825,28.678077203204662
77.669266,12.8898729,2.278566179739587,33.922068463219226
77.67591899047619,12.895116223809524,13.78441006091582,63.63801893663511
77.67614776666667,12.895130533333335,13.744218312965062,67.67115804806993
77.675718571875,12.895323990625,15.07142649159973,64.8761835396941
77.6754517,12.8978817,33.97316586051518,76.25637290604516
77.6515403,12.89890765,1.8459655712548522,7.920611798980335
77.6514968,12.9002876,1.7274327017235755,11.598689002184996
77.6582237,12.8980258,3.4773180330436664,41.423889293517846
77.65833693333333,12.8984151,3.087185623505197,36.17989803350328
77.65973463333333,12.900351266666666,2.4183485455083384,35.68827385287691
77.66048736818182,12.901556295454547,2.378870333094796,35.99781500364166
77.66126416666667,12.902933433333333,1.8863503454817294,39.31172614712309
77.65192097272728,12.909359045454545,4.783199197443151,14.512017479970869
77.65182896666666,12.9114273,8.034417057766063,25.291332847778587
77.65165168392856,12.912040723214286,8.90699478425414,29.169701383831026
77.65175427272726,12.91400589090909,10.814909068055213,38.91114348142753
77.6516446,12.9153767125,11.937019348189793,45.866715222141295
77.65173164,12.916396569333333,12.379398085042592,39.038601602330665
77.6517367292683,12.918108256097561,11.91011796325676,42.0611798980335
77.65170732105264,12.919135842105263,11.146702990657927,46.158048069919886
77.6641712,12.9099629,0.5083189655948156,12.099417334304443
77.6664276,12.913646400000001,3.3933098019341372,2.3306627822286963
77.66660400588235,12.913830976470589,3.703869684780299,0.8193736343772761
77.66727267499999,12.91525935,6.775615052434435,16.405680990531682
77.6669783,12.9170433,11.804414824719293,22.032046613255645
77.6653943,12.9187651,16.125538990824406,50.03641660597232
77.667333325,12.9197083,22.485043945715585,55.69919883466861
77.66862176,12.916641279999999,13.915591216146382,28.951201747997086
77.6731408138028,12.916642398503566,22.220378850350436,66.87909686817189
77.67015091666667,12.918336766666668,22.469868547619086,51.402039329934446
77.66874613333333,12.91928285,22.17161219466591,47.17771303714493
77.66978816999999,12.918827796666667,22.477119706980304,48.561544064093226
77.67119462307693,12.918076287179487,23.69705017153329,76.91187181354697
77.67245983684211,12.91763410263158,23.799392159532573,69.02767662053897
77.6707125,12.9186376,23.358863850713725,74.72687545520758
77.67542034876979,12.89886885792569,39.2908154641423,69.84705025491624
77.67543849361702,12.899815411489362,40.70225394698521,60.906773488710854
77.67561849493671,12.90127597721519,34.99243531416222,60.36052439912601
77.675768725,12.902636475,24.807629629936123,66.2053896576839
77.67594988888888,12.903945222222223,15.697949229877953,57.337946103423164
77.6758959,12.905036939999999,10.66879513067095,32.647487254187915
77.67609601666668,12.904269616666667,13.809830693946472,64.45739257101238
77.67568434166667,12.906985441666668,6.503110751104279,16.351056081573198
77.67582205244962,12.907764085526289,6.065784668389762,21.904588492352513
77.67615171818183,12.90836440909091,6.254312002817136,13.656227239621268
77.6805911,12.908825033333335,8.387614144455176,41.15076474872542
77.6884182,12.9015009,0.6017704556547737,9.48652585579024
77.688636375,12.901362575,0.5989415498879567,8.266569555717407
77.6903339,12.9087026,3.5763402227002437,23.561544064093226
77.69203095,12.908377,4.437290634985381,43.86380189366351
77.69482061666666,12.907261333333333,10.774926250055502,41.114348142753094
77.69324506666668,12.90796785,6.729399040052504,36.79898033503278
77.6944565,12.9078049,9.56583518503864,47.28696285506191
77.6762477375,12.90954795,7.448848050016063,16.879096868171885
77.6765507,12.9106905,10.47435417207177,47.742170429715955
77.67674038571428,12.91210342857143,15.185434209246296,43.481427530954115
77.67721094210526,12.913983431578947,19.341546903069556,61.43481427530955
77.67810909397441,12.913749051543078,20.983418049944913,54.09686817188638
77.68249583157895,12.911428589473685,16.695640113726352,51.07428987618354
77.6838687,12.91096095,13.233816383112002,54.47924253459577
77.67995605714285,12.9129518,22.355325794623493,57.428987618353965
77.68081817636364,12.912551699090908,21.32520331870756,53.80553532410779
77.67915876275781,12.91339016956967,22.253366321829507,53.823743627093954
77.68205795833333,12.911937291666668,18.341072347543328,45.010924981791696
77.6734748932353,12.916713284464345,21.895704775303223,67.47997086671522
77.6762358,12.9145101,17.748149540797673,67.89876183539694
77.6838811,12.9190302,1.0645440690165455,42.47997086671522
77.68548945,12.910191325,9.87870138371071,37.76402039329935
77.686141605,12.910136589999999,8.936873180824254,35.815731973780046
77.68540850476191,12.910508057142858,10.23599830454003,29.44282592862345
77.68578576666667,12.910332033333333,9.566353962331375,33.9857975236708
77.68764288947368,12.909591557894737,6.514941653631858,22.578295702840496
77.6894533,12.90895,4.100045569229875,31.737072104879825
77.6863971,12.91846726,0.936844599795029,13.528769118718134
77.6881819,12.9175167,0.8745374563530937,19.6285506190823
77.688912575,12.917378975,0.777195284279442,18.51784413692644
77.5309136,12.9247254,0.09167295398926463,52.17589220684632
77.5350568,12.92952035,1.6710753384395591,50.83758193736344
77.5350057,12.9295397,1.6766840201909228,54.206117989803346
77.5195729,12.9363928,22.91809484275587,76.93008011653313
77.51983646153846,12.93703833076923,20.670588211596904,62.70939548434086
77.52100407500001,12.937542475,15.774807414391258,46.285506190823014
77.52138792000001,12.938132419999999,14.337256642810951,44.11871813546978
77.52287785454546,12.938825090909091,14.07015653524862,55.389657683903856
77.5240751,12.9388899,14.489609954556512,49.79970866715222
77.52313173846154,12.939322299999999,14.943820113629448,46.613255644573925
77.52430127272727,12.940173072727275,17.131745368493526,67.00655498907501
77.52469695064936,12.940688359740259,17.735578257923493,57.92061179898034
77.5251718,12.9399203,16.41625615982914,60.651857246904584
77.52511178571429,12.941559100000001,17.891911059448695,57.246904588492356
77.531661,12.9359746,6.517800343938777,24.24435542607429
77.5327575,12.9355291,9.510994818213744,63.055353241077924
77.53591856666667,12.935646966666667,17.97620935419418,51.274581209031325
77.5408155,12.9325114,3.58841050434975,46.79533867443554
77.5364945077348,12.934941584530387,18.06243932746308,47.47815003641661
77.537765175,12.934382124999999,15.36648930108786,43.882010196649674
77.53651028095238,12.935238761904762,18.133172537582052,46.94100509832484
77.5377493,12.9350695,15.864473423714976,54.606700655498905
77.5313566,12.9365313,6.140997839361531,24.24435542607429
77.5326282,12.937400984615383,9.317096023866654,26.911871813546977
77.5330098,12.938390519999999,9.034897834222209,31.75528040786599
77.53357756315789,12.938467113157895,9.617821265030672,22.17771303714494
77.53155073333333,12.939559699999998,6.538383979737766,28.095411507647487
77.5322633,12.9406317,6.276933571035052,39.111434814275306
77.53494,12.9410544,4.584939634617091,32.75673707210488
77.5471374,12.9202312,1.2184297434552374,33.903860160233066
77.550915,12.9218925,5.337181787513842,58.4122359796067
77.5494823,12.9252068,20.167104074419125,66.51493080844865
77.5502983,12.9250947,21.86982819457843,67.53459577567371
77.5459238,12.9284273,5.172567780206836,58.576110706482154
77.54646,12.929715,4.74870491305063,64.05680990531683
77.5482,12.92643,17.17850212033723,66.95193008011653
77.54897367142857,12.925855914285714,20.34183027151911,57.97523670793881
77.5474967,12.9272033,13.218285777388438,63.7836853605244
77.55068043641619,12.92652236936416,26.74229398641416,65.6318281136198
77.55093129139784,12.92699369247312,26.560992471139922,57.738528769118716
77.5512938764706,12.927480547058824,25.048942265708035,78.76911871813547
77.5522114,12.92991165,10.608714578659272,63.07356154406409
77.55739098,12.922509640000001,2.3816388426931976,3.040786598689002
77.55313651895152,12.92391311444773,11.831599353604588,63.45593590677348
77.554375,12.923528,7.052085001392914,59.83248361252731
77.55339542499999,12.924328325000001,12.614133599819132,58.23015294974508
77.5563983,12.9230133,3.0093989090870035,9.377276037873271
77.56015684130614,12.922101543658513,2.585817386239381,22.96067006554989
77.56112448333333,12.922395733333333,2.5600676892587364,12.50910415149308
77.56061465,12.9233186,2.368874424386447,16.933721777130373
77.5606833,12.9242033,2.0680741696701026,12.472687545520758
77.56075,12.9227033,2.517142217315957,18.590677348871086
77.5616517,12.9247883,1.8734427323596843,10.096504005826656
77.5546533,12.9262217,10.430628884009003,78.29570284049527
77.55451830000001,12.9299208,4.876945437110154,75.74654042243263
77.5438062,12.9311288,0.9794976737256493,7.001092498179169
77.54473343333333,12.931717666666666,1.0265918669918481,0.4005826656955572
77.546759,12.9389011,1.166478212245715,15.877640203932994
77.54780226666666,12.938876233333332,1.410732918018666,15.003641660597234
77.549735,12.9378983,1.375232383152118,11.489439184268026
77.5489054,12.9395316,1.842359718192795,15.877640203932994
77.5481663,12.9418074,2.2654703036167683,23.16096139839767
77.554695,12.932515,1.5661222253508214,23.19737800436999
77.55723348571428,12.932812400000001,1.4911593290918426,15.968681718863802
77.5586917,12.933995,2.1174132756273356,27.385287691187184
77.562245,12.9339983,1.5121710105878259,35.7428987618354
77.5614247333344,12.935836440872842,2.929675806936054,30.316824471959215
77.5534046625,12.938559175,3.108256480007004,25.509832483612527
77.55448815,12.9384216,3.8694347981943733,20.138383102694828
77.55791616666666,12.9376324,4.936224535196747,27.075746540422436
77.55588782857141,12.938312271428572,4.710172657088176,20.37509104151493
77.55729781502602,12.937991230825963,5.053144666547785,25.655498907501823
77.5576986,12.940137,4.400014924420334,25.054624908958484
77.5579667,12.9416747,3.4104549582279486,29.62490895848507
77.55828205,12.9374219,4.79093239940758,28.969410050983246
77.5627447,12.937475599999999,5.791629353430265,21.968317552804077
77.5588257,12.9415379,4.159545619550241,33.658048069919886
77.56037825555556,12.941612222222222,6.24677841292631,15.167516387472688
77.5611982923077,12.941609292307692,8.253226793211164,16.241806263656226
77.56278787856824,12.941678053715963,15.155978729629753,49.126001456664234
77.5250134,12.9419547,17.700111884705088,68.37217771303715
77.52437605882353,12.947253370588236,15.49020572547363,87.49089584850692
77.52564207083334,12.942544079166666,17.295433156745965,69.37363437727603
77.526513,12.9427765,16.592046187151187,60.451565914056815
77.5261628,12.9434959,16.639585016416916,56.7006554989075
77.5268483969697,12.944228396969697,16.218420338080684,60.52439912600146
77.529881825,12.94412185,12.946575547958188,60.30589949016751
77.52735066666668,12.944870655555555,15.877065374464594,58.73998543335761
77.5255753,12.9463874,15.078758477229664,74.21704297159505
77.5285103074074,12.945456133333334,15.092133654230365,72.28696285506192
77.52934396666666,12.944990599999999,14.494820801397948,62.14493809176985
77.5291414,12.9462867,14.317239501721915,65.20393299344501
77.5294520125,12.9461665875,14.397874387190846,72.77858703568828
77.52197302857144,12.94974202857143,19.24220441590837,91.47851420247632
77.52337175,12.9486717,17.822397177853816,88.23743627093955
77.52404951,12.94775617,16.175255384804846,95.3386744355426
77.52309867692307,12.949289053846153,18.71019803341968,89.25710123816461
77.52179535319148,12.950709538297874,19.907108371949672,92.11580480699199
77.52055665882352,12.952277988235295,21.165660180877197,89.56664238892935
77.52118469999999,12.95171525,20.315759811737532,86.94464675892208
77.52244267500001,12.950283175,19.676130924293478,83.68536052439912
77.52946385,12.951468949999999,3.278089721900719,58.37581937363437
77.52944773333333,12.951513499999999,3.2105377845909544,61.4530225782957
77.53098837499999,12.9427101625,8.811739150940817,65.22214129643118
77.5305267,12.9451033,13.691824554446905,72.39621267297888
77.53116384166667,12.946602916666668,14.69463574213367,70.79388201019665
77.5322826,12.947052472727274,15.585514177747301,86.598689002185
77.53343167777777,12.9473017,16.44755310222964,87.5455207574654
77.5371404,12.9429791,2.568238036343537,71.03058994901676
77.5370624,12.9434415,3.124056102961679,67.78951201747996
77.5386467,12.9433909,1.796473454675566,42.24326292789512
77.5388183,12.9435233,1.7979073722967243,34.632192279679536
77.5389167,12.9466217,9.436785257638652,33.33940276766205
77.53288895,12.947494375,16.16686694819098,84.03131828113621
77.53411949142857,12.947739877142858,16.960430376646645,88.25564457392571
77.53519113636364,12.948289486363636,17.630741062094557,88.72906045156591
77.535902775,12.948792475,18.898689190025546,85.57902403495994
77.5360443,12.9486661,18.852681942345903,87.29060451565914
77.53648553333332,12.949156326666667,21.022950415011238,90.20393299344501
77.5373944,12.9499501,29.14593358711572,78.58703568827386
77.5392933,12.9496967,41.66047321614614,92.73488710852149
77.53712343333333,12.950924283333334,31.40670349424776,80.66278222869629
77.53821889999999,12.95076542142857,43.5771912345676,82.17407137654772
77.5368665,12.952502025,29.910414750904298,74.16241806263656
77.53959754285714,12.951283875,69.35020138527192,95.35688273852877
77.540515,12.9509817,75.92330793140096,98.96212672978878
77.5399051875,12.951617375,78.40379397178455,95.15659140568098
77.54093319021077,12.952280086007255,100.04092597219498,98.61616897305171
77.519835,12.95345,26.310197057805997,87.38164603058995
77.5196831,12.95466005,35.59157612887674,92.38892935178441
77.51973433529412,12.956335464705882,47.56219502288762,94.17334304442826
77.51960994,12.957589100000002,50.30521092946455,88.41951930080117
77.52765,12.957590849999999,29.622518485504877,93.73634377276038
77.528231,12.9571493,24.530089646349733,81.66423889293519
77.5195683,12.9598976,33.85091922513829,91.69701383831027
77.5245999,12.9589557,25.750427966326974,78.55061908230154
77.52547634,12.95868466,30.175147766301134,78.35032774945375
77.5274796971831,12.960991571830986,63.09742181128079,74.34450109249818
77.5290366,12.9585433,44.01448192351982,88.27385287691187
77.52839501991356,12.960804519762902,65.62182000442037,71.17625637290604
77.5293710385321,12.960556588990826,61.088558686168675,71.2490895848507
77.52750681428572,12.961165671428573,62.864099719128625,80.62636562272397
77.52803726363636,12.961169472727272,64.83224409576984,70.92134013109978
77.5339702,12.958014550000001,9.376032919324146,23.06991988346686
77.5352855,12.9583309,7.893818638408855,22.52367079388201
77.5376704,12.954823,29.866436764153534,95.44792425345958
77.54136719120558,12.953197408578143,107.79449553685534,96.13983976693372
77.5332366,12.9588553,15.653739599831027,32.50182083029862
77.53110946666666,12.9601442,41.20368411319789,78.36853605243991
77.53223761999999,12.959968040000001,28.130825445140207,49.54479242534596
77.53341963333334,12.958706900000001,14.055509766679352,27.54916241806264
77.53372883809523,12.961627547619049,28.345366591984508,15.222141296431172
77.534441775,12.963551,63.91038132168569,77.39439184268026
77.5369121,12.9601263,21.95987535113383,11.234522942461762
77.53942785000001,12.958585,15.643474052704493,39.056809905316825
77.539643,12.9635108,124.50956576017798,94.42825928623452
77.5406892,12.9629656,91.4974646509774,90.53168244719592
77.5466261,12.942731,1.8321517218354286,17.862345229424616
77.54828998333333,12.942299233333335,2.2421464015245727,16.89730517115805
77.54851910000001,12.94229375,2.2447104246710996,21.139839766933722
77.54165384809757,12.952768215462903,109.3524237054265,95.37509104151492
77.54448587499999,12.952105125,75.56424938922908,90.42243262927894
77.55288164999999,12.94713085,0.6908029001541548,13.455935906773488
77.55806,12.94276,2.708199063129094,26.9482884195193
77.55281194,12.948388679999999,0.7058875791572652,17.589220684632192
77.55915815,12.948131141666666,1.6707622230811445,5.462490895848507
77.55938814999999,12.94825275,1.6803723205755305,11.616897305171157
77.5423746450566,12.953444280053635,110.44778343374134,95.66642388929351
77.54338813041237,12.953809501804125,101.01377817421928,91.13255644573925
77.54406994285715,12.95448257857143,84.86670358970757,97.79679533867444
77.5444728,12.953526714285715,84.68153528151718,98.9075018208303
77.54509971137612,12.955138621297337,60.34127055244174,98.6707938820102
77.5460142625,12.95551366875,42.65675407674322,94.3918426802622
77.54617705094338,12.955836905660377,37.425413865203005,94.50109249817918
77.54763553333333,12.956574516666668,18.8977723952304,69.28259286234523
77.54954655,12.95683735,11.118965210788243,63.310269482884195
77.5503643,12.9568762,10.659761405784652,46.41296431172614
77.5521145,12.9567386,12.242499966175163,60.087399854333576
77.55215568,12.957337486666667,14.116496455316215,66.07793153678078
77.5469035,12.9632171,15.095762221783298,41.250910415149306
77.5471796,12.9590233,9.554994400720926,62.94610342316096
77.5483887,12.9608471,10.153787208615933,18.262927895120175
77.55090620714284,12.960947042857143,21.99310753872984,14.366351056081573
77.55112,12.9608177,22.57654700086269,19.3918426802622
77.5495821,12.9623754,21.425379444248787,44.71959213401311
77.5508142,12.9612465,23.18646947007451,19.737800436999272
77.552169,12.9614325,34.50672052133006,46.37654770575382
77.5524748,12.9633502,54.37035456650868,91.78805535324108
77.5532132,12.95788098,18.517689116601968,72.99708667152221
77.554263084,12.958088684,21.491912583575804,77.6584122359796
77.5561108,12.9580238,21.749292468537014,72.83321194464676
77.55928123333332,12.957871500000001,17.52311836352365,63.92935178441369
77.5598988,12.957774066666666,16.53522004684629,47.47815003641661
77.5618166,12.9569569,12.142790690618943,28.44136926438456
77.56143155,12.9574078,14.18861287107072,21.267297887836854
77.562415,12.9577767,16.043755703489754,72.08667152221413
77.55475955,12.958588416666666,24.786470728766805,71.81354697742171
77.5537498,12.9602599,33.52766362888684,64.58485069191552
77.55424356666667,12.960212591666666,34.8838739917452,63.49235251274581
77.55570784782608,12.958978352173913,27.69348219774141,76.17443554260743
77.55748005,12.95888145,25.527000753606615,74.27166788055352
77.55643657,12.960012549999998,34.73269482610195,66.56955571740714
77.55742977222222,12.960427933333333,35.766191431612214,70.84850691915513
77.55720777272728,12.963737327272726,55.29779220074161,91.62418062636563
77.558460425,12.95922810625,26.107228343452576,67.45265841223598
77.55944335000001,12.95939225,25.447130371170715,56.2272396212673
77.558786475,12.96089365625,33.70066940749212,72.30517115804807
77.56024288095239,12.961043333333334,28.870406713557834,55.11653313911143
77.56128183333334,12.959063166666667,21.90101616925033,65.3495994173343
77.56138585555556,12.960402394444444,25.265992098797742,62.0721048798252
77.56264595,12.9603256375,22.75713803007757,73.52512745812089
77.5592623,12.9611679,32.715625053475094,64.89439184268026
77.5602738,12.96122,28.91733479619753,56.573197378004366
77.55906577777779,12.963104944444446,35.75168892779916,52.093954843408596
77.55971626666667,12.963020845454546,30.53230391959145,58.70356882738529
77.56149108333334,12.961215205555556,25.07204244951521,71.94100509832484
77.5626808,12.9613938,21.517783960571105,70.04734158776402
77.5641222,12.9240138,1.9234275553281834,8.594319009468318
77.5657006,12.9230354,1.622787760403091,7.574654042243263
77.56423702857144,12.924680914285714,1.8135934467325663,0.6737072104879825
77.5655785,12.92434025,1.6423700271198591,5.480699198834669
77.5668147,12.9246365,1.4585335027783797,7.64748725418791
77.5701383,12.922205,4.181643976817167,1.8754552075746542
77.5727043,12.921101700000001,13.88117033271697,0.3641660597232338
77.5735496,12.9207978,17.308460363059773,2.0393299344501092
77.5736091,12.9215857,12.508954799101426,9.322651128914785
77.57042456666666,12.924460533333333,2.297142883362232,3.095411507647487
77.5727885,12.9235817,5.629300986038145,8.430444282592862
77.57399465,12.92353055,7.3906332710436216,14.603058994901675
77.57410577071914,12.924657322446942,6.794299491727085,22.123088128186453
77.5688128,12.926693,1.5783405347236186,9.978150036416606
77.5679649,12.92901922857143,1.7105102512881978,3.6598689002185
77.56715325555555,12.9298876,1.5887487176703194,5.753823743627094
77.573611,12.9265701,5.215655990546647,10.315003641660597
77.5729528,12.9294228,2.8694279275501873,12.281500364166059
77.5734735,12.929428,3.692123819750427,14.54843408594319
77.5726992,12.929605875,2.50057516927639,4.278951201747997
77.5777017,12.9201217,20.42155254321816,46.212672978878366
77.5797339,12.9207638,20.183353179882477,31.00873998543336
77.57914284955966,12.922169304145248,18.625951814163667,33.48506919155135
77.57515105,12.923498266666668,9.177876037972583,15.131099781500366
77.57623471111111,12.923665433333333,11.31461632636907,24.89075018208303
77.57523983525714,12.924767886659872,9.255519623461872,13.601602330662782
77.57809474999999,12.923613025,17.411644338859976,40.185724690458855
77.5788173750337,12.922787539577463,18.310197641742214,36.689730517115805
77.58065287272727,12.920021277272726,21.416883420341716,29.187909686817186
77.58071395571429,12.922201717142856,23.704902880965374,27.658412235979608
77.58370188571429,12.920157507142857,23.173699537510007,36.14348142753096
77.58470635,12.9203987,23.199563880876322,43.426802621995634
77.58398419999999,12.9217472,29.86112396444201,55.007283321194464
77.58493045,12.921764,29.98849714877752,44.82884195193008
77.58069695,12.922921016666669,26.366935469549247,40.09468317552804
77.581765,12.9230817,32.195014964367374,40.23124544792425
77.58350030929651,12.92347021606603,43.72256050359587,47.94246176256373
77.58499617142857,12.923338757142858,45.29861167379164,57.22869628550619
77.58374644444444,12.924657133333334,61.539726880341476,50.96504005826657
77.57803146666667,12.9267363,36.467958464710776,82.7931536780772
77.57802499166667,12.92724095,40.05779292455125,75.72833211944648
77.5753485,12.9307753,9.093697026505598,19.555717407137653
77.57957383333333,12.9303756,64.92655529777605,80.40786598689003
77.58058642499999,12.926529649999999,69.47862737788455,83.0844865258558
77.58188365000001,12.926243,77.72980564973662,79.51565914056809
77.5807543157377,12.927886975737705,89.6830308936447,77.00291332847779
77.5818145,12.9280041,101.86942082698407,91.42388929351785
77.58379717560976,12.926093592682927,85.93443309336728,67.2068463219228
77.584647874,12.926321458,89.7894893975304,78.62345229424618
77.58350159,12.92754459,104.55302591898159,64.47560087399854
77.5851167,12.9267917,93.4350394016239,86.79898033503277
77.58067947058824,12.92893189117647,92.62355507722283,77.34887108521485
77.58196553591549,12.928825656338027,105.66022103380057,80.42607428987618
77.580640165625,12.929783652083332,87.28106676379247,78.91478514202477
77.58263863333333,12.929624366666665,104.13674256280598,87.34522942461763
77.58355478494623,12.92891935483871,108.09257918904713,66.13255644573925
77.58513770294117,12.928637152941176,98.4410784229499,65.2585579024035
77.5836024,12.930226581944446,96.39572636300265,66.0233066278223
77.58454894444444,12.930733333333333,83.91422177328026,66.93372177713037
77.5685775,12.9365483,8.541418752553398,26.984705025491625
77.5683418,12.937884,19.742597661989457,50.7647487254188
77.56439966482462,12.940154912000459,22.82637323084026,53.022578295702836
77.56597998571429,12.939914414285713,33.01285415665667,60.46977421704297
77.56386986428572,12.941789207142858,23.01213508703654,59.21340131099782
77.56594251322693,12.94113723312817,42.89376878475817,78.88747268754553
77.5665777632353,12.94019865735294,40.90017273817545,61.05243991260014
77.5667749124183,12.94122799019608,54.323065241104686,60.70648215586307
77.5702391,12.9375425,18.741508047537433,1.3838310269482883
77.5708288,12.9376321,20.6606010601724,3.377640203932993
77.57295683026314,12.93737733725582,20.0175493671988,40.58630735615441
77.57343003333334,12.9369147,16.31882625242035,43.84559359067735
77.5718221,12.9387112,39.03485155574456,32.04661325564457
77.57121293333333,12.940486666666667,84.0209662711932,82.15586307356155
77.57113877647059,12.941331476470587,109.69189939970288,78.56882738528769
77.57291399387755,12.940278391836735,70.34065573319586,44.683175528040785
77.57329148,12.939837345,57.46648617818636,47.68754552075746
77.57250576,12.940614239999999,82.44291898913957,53.62345229424618
77.57374625454545,12.941137054545454,77.80547767869018,54.570284049526585
77.579677975,12.9315908,49.92292281230311,77.51274581209032
77.580065375,12.93132775,58.7158940919151,82.99344501092499
77.58235275,12.9321075,65.5549589627013,68.99126001456665
77.5825683,12.9322817,63.689953418645125,72.60560815731974
77.58381639425286,12.931398437931033,78.29817095129528,56.80080116533139
77.5852083,12.9310994,72.81271436597865,79.58849235251274
77.58367221935484,12.932824658064517,58.40689424707659,53.29570284049526
77.58473673333333,12.932871933333333,55.289540771616174,70.32046613255645
77.5808972,12.93601635,32.23351675759453,22.99708667152221
77.5813937,12.9354169,34.223183939065684,5.517115804806992
77.5840099,12.933876899999998,49.91276868058894,58.81281864530226
77.58477266666667,12.936206266666666,56.159249247241796,81.17261471230881
77.57569052,12.93682034,19.031594693906516,48.03350327749454
77.57693065181023,12.93738569937966,23.57766194287718,41.78805535324108
77.5769141025,12.93841383875,27.494387495901638,40.78659868900218
77.5783753,12.93679,23.248531817825953,51.85724690458849
77.579126,12.936846075,25.619606560809792,33.612527312454475
77.578378564,12.938772555999998,28.301603509450644,43.40859431900947
77.57988002820512,12.938403274358974,33.4116580328076,18.754552075746542
77.57689959655171,12.939666424137931,30.008137088329928,44.88346686088857
77.5769708,12.9413414,30.030301691232008,41.587764020393294
77.57982905,12.9395021,32.02346635197947,31.24544792425346
77.58069285714285,12.937026842857142,35.147009464390926,14.949016751638746
77.58255075895293,12.937494928576406,55.10906544147946,81.53678077203205
77.580058172,12.938535136,34.59779449152215,19.009468317552805
77.58397471999999,12.937027180000001,61.86615214693029,82.61107064821559
77.58495642251937,12.937195396196136,62.391467406128314,72.76037873270211
77.58399337804877,12.938584756097562,67.19339958454871,76.8572469045885
77.58479914722221,12.938690911111111,66.13319956970216,73.81646030589948
77.58022923754216,12.939343717829498,34.90708082722577,20.557174071376547
77.5800007,12.941866,21.61497741276536,13.146394756008739
77.58398116446992,12.939439405157593,63.94013844412805,72.25054624908958
77.58454937222223,12.93968925,61.75886587274099,74.12600145666424
77.584028525,12.9409708875,49.110660888598986,66.84268026219956
77.58493544666666,12.941424763333334,42.163054704744276,62.3088128186453
77.5859404,12.9205197,21.026833110044507,57.028404952658406
77.58589564482757,12.921960631034482,29.659610577333815,59.15877640203932
77.58582412631579,12.923134,41.50375757682407,62.50910415149308
77.58593138214285,12.924575928571429,60.42514875753344,84.26802621995631
77.5931487,12.9205315,11.5063693052564,65.02184996358339
77.58603298648649,12.926171888288287,80.41039534699767,95.2476329206118
77.58626930982659,12.927419878034684,85.55940857552275,85.81573197378005
77.5895697,12.9264179,29.93972571211125,93.31755280407866
77.5907131,12.9271062,18.09264366706712,82.2742170429716
77.58590914424778,12.92857401681416,89.08277439364575,74.89075018208304
77.58598889999999,12.93066975,68.61694177060039,70.12017479970866
77.59373049999999,12.927150000000001,11.256987815921896,56.62782228696286
77.59128737222221,12.928563527777778,13.803200622664287,64.62126729788784
77.59266078571429,12.92854257142857,10.487528187095872,61.398397669337214
77.5969863,12.920305299999999,19.79985024220406,73.70721048798252
77.60028985,12.920688841666667,9.941566744483067,30.49890750182083
77.60083414,12.920921114999999,8.281742745089941,22.669337217771304
77.60016024285713,12.922012342857144,7.997945678471302,34.06773488710852
77.5971532,12.924396,11.816226493691936,69.97450837581938
77.6002567,12.9245217,8.257331809003153,75.4734158776402
77.5971086,12.92662807142857,17.724604069824633,72.50546249089584
77.59706047878787,12.927062557575757,18.066009083064852,73.08812818645303
77.600325,12.9257117,9.504331819119646,76.7115804806992
77.5972677,12.9284073,16.36070227498707,73.56154406409323
77.5999238,12.928412483333332,10.934904406179545,65.75018208302986
77.60427982,12.930767320000001,30.64028696275161,65.45884923525126
77.6057612,12.930848237735848,46.60213018858143,61.70793882010197
77.60664171156462,12.930831826530612,54.97404516368221,58.903860160233066
77.58606432752293,12.931577686238533,57.21216607232408,60.61544064093226
77.58594495714286,12.932767928571428,47.293641891463686,46.83175528040787
77.58686985,12.93282585,37.48898516370066,36.380189366351054
77.5874166,12.9339934,28.576577360282265,43.062636562272395
77.5925452102564,12.931522266666667,7.125722831004885,29.552075746540424
77.59269194999999,12.93545525,6.219788755259143,41.76984705025492
77.59211365,12.9374423,9.041070664648496,42.04297159504734
77.59265123333334,12.9375686,8.83857403156526,37.23597960670065
77.59263085287355,12.938324032183907,9.282422006052887,21.44938091769847
77.59279,12.939161,9.326970884712235,42.40713765477058
77.60094762,12.93118848,9.923207894773057,34.23160961398398
77.60131750000001,12.933188971428573,16.660778484316936,79.82520029133285
77.60125495,12.934400100000001,22.437121246318494,83.15731973780044
77.60142887692308,12.936238134615385,30.603210622659436,80.68099053168245
77.60273745,12.930946800000001,17.74827991071424,34.57756737072105
77.60433573333334,12.931087266666665,31.87191054473929,67.40713765477058
77.60585020625,12.930968075,47.66534871090285,61.89002184996358
77.60700034049586,12.931002930578511,57.822295806148006,58.466860888565186
77.6072367,12.933025,53.83435480970846,85.1238164603059
77.6052179,12.9349207,39.38217317343987,75.58266569555717
77.60571946666666,12.93635585,38.168350876764165,72.4326292789512
77.60652410833333,12.936117304166666,40.659581898151934,90.76839038601602
77.59872073333334,12.9375388,16.716043836329476,76.74799708667153
77.5968086,12.9384985,9.291354088597913,32.82046613255645
77.59857977647059,12.93811205882353,15.274192201945752,76.83903860160233
77.60170589236641,12.936812499236641,31.78385499683004,80.17115804806993
77.59938595,12.9381729,18.87611905681221,69.62855061908229
77.6016824,12.937963750000002,28.261483548715773,82.43809176984705
77.59769360000001,12.9400084,10.193553315101653,19.592134013109977
77.5983344,12.9395891,11.58762748757342,81.00873998543335
77.60225025714286,12.936987049999999,32.83922545339109,81.081573197378
77.60391365000001,12.93675685,34.988071216773115,84.7414420975965
77.6021715,12.93837835,26.637407523349964,82.43809176984705
77.6036029,12.9380801,28.82117241267223,80.38965768390386
77.60550790833332,12.936710541666667,36.4592635390987,90.07647487254188
77.60635460370369,12.936494414814815,38.65488660743719,86.19810633648945
77.6054634,12.9379785,29.120589911213,63.89293517844137
77.602927,12.9398787,16.437273298575956,82.75673707210488
77.56739302444444,12.94231271,75.0329051317125,60.96139839766934
77.56780243427686,12.942885371326904,88.52622694935582,62.18135469774217
77.567931141419,12.943595822789485,94.37875615001697,57.392571012381644
77.564501625,12.947294225,10.369529504032158,17.061179898033505
77.56617925,12.9465895,30.697473039611573,17.13401310997815
77.56670634666666,12.945991726666668,45.59670204781117,8.922068463219228
77.56800477411552,12.94563106403541,80.22778059267891,36.707938820101965
77.566448525,12.9460898,39.791602329564626,13.619810633648942
77.56798746,12.946561286666668,64.08269674237015,25.710123816460307
77.56983,12.9425067,129.2684864901884,96.23088128186453
77.57111097766777,12.94284883536893,147.92643129965296,81.84632192279679
77.57108562082986,12.943776928980661,157.51147154530906,87.60014566642388
77.57237557391304,12.942200106521739,124.77808373878612,85.92498179169702
77.57371013409828,12.942548761910768,101.50046019574695,69.20975965040058
77.57276478389831,12.944032190677966,135.9386694249636,80.37144938091771
77.57334839775281,12.944055974157303,119.82248703399928,74.41733430444283
77.5701755857143,12.945003271428572,141.076298627589,92.15222141296431
77.57110422531454,12.945317621727058,141.99708000595558,84.04952658412236
77.56994853571429,12.94644183095238,104.04834906070506,77.45812090313183
77.57099183333334,12.946191783333333,119.20800789525846,91.38747268754553
77.57188416314729,12.9449584254365,143.93628248724218,95.72104879825201
77.57349646666667,12.9448467,109.20417195538305,88.3102694828842
77.5737022,12.94638015,77.57791031366673,64.67589220684631
77.5642348,12.9478721,7.267456396951911,19.19155134741442
77.56794880909091,12.947848581818182,40.78763437485261,30.553532410779315
77.5677067,12.9498267,15.339344807655479,15.923160961398397
77.5671718,12.9507001,8.794104841596674,8.148215586307355
77.57008280000001,12.948678133333333,45.66658948044094,33.30298616168973
77.57158949047101,12.947517908190328,77.58196539326501,86.52585579024034
77.57002865,12.94938635,32.455683304148565,19.919883466860888
77.57229332571428,12.948433782857144,50.687436761812165,14.038601602330663
77.57358939999999,12.948200359999998,45.103500107539645,28.186453022578295
77.5721949,12.949366900000001,34.51898599124112,23.543335761107066
77.5740208,12.9497940875,25.861578439118144,22.614712308812816
77.56993205,12.951136020000002,15.284524040410007,2.2578295702840494
77.56990762000001,12.95211102,12.661719434942256,11.926438455935907
77.57225277142857,12.950490014285714,22.640656476149168,24.79970866715222
77.57390794285713,12.950747371428571,21.588024949667926,22.323379461034232
77.5722216875,12.9519635625,17.21728569881857,20.775673707210487
77.57470205,12.9437938,78.5025310232367,55.15294974508376
77.57658428206173,12.943819477575344,34.572470693320966,45.02913328477786
77.57989265,12.94400185,15.61110193705751,14.075018208302986
77.57990002666666,12.945508539999999,17.543065408935455,44.06409322651129
77.5795438,12.946504133333335,20.498426519202905,43.64530225782957
77.58003136666667,12.9425715,18.578009081395408,12.281500364166059
77.57996363333332,12.943702366666665,15.805739001623083,15.349599417334304
77.58527657777778,12.942316733333334,31.837459826230013,52.47632920611799
77.58387432500001,12.943636725,22.79189262325596,58.48506919155134
77.58481690909092,12.943573227272726,23.381796181217737,54.35178441369264
77.58005115555555,12.945253738888889,16.89489426610337,41.551347414420974
77.58009505,12.9470936,21.337081420162733,52.69482884195193
77.57549623333334,12.948228166666667,30.154798892854703,26.79351784413693
77.57640258333333,12.948275516666667,26.564328792766826,24.399126001456665
77.57515112857143,12.949184085714284,26.756846567284946,26.21085214857975
77.57679402244898,12.949195053061224,24.96401948407901,19.41005098324836
77.57726989999999,12.9483002,25.223350072329147,34.43190094683175
77.57979743773585,12.948075237735848,23.41238083214342,40.386016023306624
77.5776144,12.949019483333332,25.101277139797904,36.90823015294974
77.5791652,12.949029857142857,24.691674337450323,45.083758193736344
77.5755439307146,12.95051956073139,22.989630028729167,37.072104879825204
77.57677955714287,12.95117177857143,24.321452956897758,40.1128914785142
77.57690520387754,12.951877284127402,25.89825780831084,36.4530225782957
77.57808746153846,12.950636107692308,24.832867509785032,33.95848506919155
77.5799382,12.9508585,23.624288811426265,40.64093226511289
77.57722334,12.952052559999998,26.944252820622186,38.03714493809177
77.57945670000001,12.952330620000001,29.06160923254548,37.36343772760379
77.58007606886792,12.948130619811321,22.98617342738453,38.45593590677348
77.5800436,12.9488956,23.370330231485994,53.8965768390386
77.5823136,12.9499127,17.56079982671086,44.628550619082304
77.58251331875,12.9506715,19.00231480256698,30.680990531682443
77.5799895,12.95233798,28.902765543066657,31.209031318281138
77.5831982,12.95235688,30.380333298800345,42.84413692643846
77.5657047,12.9541855,8.12189599810096,20.757465404224327
77.5640915,12.9553469,8.616107024422224,27.93153678077203
77.56591763636364,12.954941481818183,11.062660922357695,44.37363437727604
77.56690193,12.955078320000002,13.758620357339188,51.98470502549163
77.56588575,12.95697355,18.34491772131375,60.142024763292056
77.5640021,12.9578749,17.445139462564207,25.191187181354696
77.56524006666666,12.957900833333333,19.343246036009276,57.67479970866716
77.5674211,12.9563718,20.03863518882682,58.084486525855795
77.56734160465116,12.957922095348836,23.779680387295627,63.82010196649672
77.56871712901587,12.957392465998286,25.942196376511536,68.82738528769119
77.56984285,12.953673066666667,14.25438852164785,12.800436999271666
77.57098101428572,12.953196728571427,15.509686150190971,21.3401310997815
77.56971083333333,12.954928099999998,18.530359785181854,37.6911871813547
77.57220894137932,12.95391838275862,21.37460505384499,16.715222141296433
77.57361871428573,12.953580542857143,25.29696178354624,25.80116533139111
77.57220625555556,12.955475666666667,32.15711786200581,25.728332119446467
77.573826448,12.955054588000001,41.93481077298982,48.634377276037874
77.5695844375,12.956323675,24.44654632897108,31.281864530225782
77.56947468235295,12.957831729411765,29.31020234920377,54.29715950473416
77.57072655,12.95804395,38.317509634357776,57.301529497450844
77.57224861428571,12.956271628571429,40.357290205959856,36.81718863801894
77.5738318,12.956072375,59.46658886644495,43.55426074289876
77.5720363074074,12.958021051851851,57.587381246615124,54.22432629278951
77.57388794,12.957225840000001,87.12486369382628,63.128186453022586
77.5636008,12.9589263,20.0738281279553,70.40240349599416
77.5657857,12.9594572,21.073326377470437,55.40786598689002
77.56431686666666,12.960466883333334,20.052767481279055,53.53241077931536
77.564985,12.96036,19.69845493227455,57.88419519300801
77.56729061428572,12.958882785714286,23.897847463173697,63.018936635105604
77.56644695,12.96053685,19.78885831751429,35.32410779315368
77.56835051714286,12.960452846217635,25.436471833475018,66.53313911143482
77.56421865,12.96208225,16.15315552335488,59.94173343044428
77.56587296250001,12.9626553625,14.062101921556708,17.352512745812092
77.56886242857142,12.961529614285714,30.759556703641227,43.536052439912595
77.56685217500001,12.9630657,16.249172010934604,27.3306627822287
77.56856708333333,12.963732833333333,36.28712018375817,46.03058994901675
77.57008196666668,12.9588794,35.852520694118475,52.012017479970865
77.57109459375,12.95888630625,48.95914167093708,51.69337217771304
77.57020879999999,12.960507100000001,46.13191744594749,37.472687545520756
77.57092858333333,12.9605414125,64.19113452552358,42.753095411507644
77.57191112857143,12.958650142857142,63.236031790990374,62.381646030589955
77.57416213529412,12.958851311764706,152.57036437661608,83.48506919155135
77.57195604090909,12.960564931818181,105.41157169979614,51.78441369264385
77.57385653333334,12.959988633333333,194.79754593957307,97.42352512745812
77.57164085,12.96216525,144.6190320591965,26.575018208302986
77.56933955,12.963392039999999,53.24029020060375,39.43918426802622
77.5716533,12.9633523,194.96353757400152,96.04879825200291
77.5720598,12.9622515,182.8766368433202,26.575018208302986
77.5729683,12.9636686,376.1851377825557,91.89730517115805
77.57532446666666,12.954909733333333,54.132663057171094,59.359067734887105
77.5797116,12.9542164,50.898406626196525,58.19373634377276
77.57962386417911,12.955183782089554,70.54136973649783,52.931536780772035
77.575154953211,12.956821118348623,105.70835788971996,39.60305899490167
77.57686531851851,12.95640274074074,114.88327326779329,87.18135469774218
77.57552284,12.95730974,133.16992815472395,68.71813546977423
77.57718455,12.9577361,180.19426294144276,94.88346686088856
77.57757758902439,12.956356996341464,115.6196263074806,63.18281136198106
77.57978080000001,12.955638350000001,80.46245964515165,63.25564457392571
77.57751267542373,12.9576179720339,174.17018304430155,89.14785142024763
77.5799447,12.9575952,135.49882197610486,71.50400582665696
77.58014664999999,12.954170300000001,49.50285909028289,54.95265841223598
77.58019917941176,12.95520341764706,68.2208054788358,59.55935906773489
77.58221638799999,12.954748127999999,56.581944042878945,55.73561544064093
77.58378697619048,12.953484180952382,44.22782624521304,65.24034959941733
77.58494379166667,12.954045238888888,52.50868417353254,75.43699927166789
77.58337499565218,12.954601595652175,56.597704413959974,49.05316824471959
77.585127392,12.954528552,57.83328971299882,67.69847050254916
77.58087982307691,12.956387558974358,87.49279366862827,69.99271667880554
77.58151691666667,12.956852133333333,89.16758852984138,66.16897305171157
77.58091887058823,12.957707067647059,116.94413296678734,55.86307356154406
77.58209931824817,12.957968929927006,100.93089053497702,71.83175528040786
77.5831735,12.956484000000001,74.53982610929658,69.8652585579024
77.58516272,12.955724499999999,67.85101371314511,78.49599417334304
77.58290284880583,12.957236852531446,82.38430937270047,73.30662782228697
77.57555162622951,12.959455286065573,258.5899574343002,95.22942461762564
77.57650459240924,12.959252436138614,275.5565906838181,93.88201019664967
77.57482295294119,12.960057147058823,266.1362491193494,94.2461762563729
77.57673349516128,12.960285756451613,384.59023027965196,96.44938091769846
77.57763246287129,12.95906918019802,268.5068090059056,95.99417334304444
77.5792033,12.9590334125,227.71276206687017,77.69482884195193
77.57769474285713,12.960444935510205,406.10396118101977,95.73925710123817
77.57985456923078,12.960439334615385,306.4295101699256,90.67734887108521
77.57538031818181,12.961971490909091,532.9488165420634,96.5768390386016
77.57671795925926,12.961758555555557,587.6413098602609,97.59650400582666
77.5754859,12.963125566666667,694.5874798904326,97.61471230881283
77.57664736649049,12.963553653699789,820.1048466381259,94.28259286234523
77.57769268461539,12.96140069,534.4916331655634,90.00364166059724
77.57754710031718,12.963504806043018,808.3797339255096,99.10779315367807
77.57921848928423,12.963477706612732,663.7296994180463,89.98543335761107
77.58092186,12.9584565,139.5148246952201,67.22505462490895
77.5825321625,12.958691975,109.26627103685932,74.30808448652586
77.58003592307692,12.960406923076922,292.5765752619082,85.21485797523671
77.58290994000001,12.95921706,116.80786338904745,67.15222141296431
77.58372123,12.960699648,159.6196659049776,61.92643845593591
77.5825414,12.9620949,284.2725692055951,91.22359796067006
77.5807457868272,12.963350194200325,489.3801544041166,92.5892206846322
77.58173828852118,12.963313721517096,404.4902495088397,93.51784413692644
77.58384398148148,12.961527737037036,200.79036266918794,76.69337217771303
77.584274895,12.961678465,196.10191069093773,84.01310997815004
77.58371881340206,12.963578055670101,307.9462920496577,93.84559359067734
77.5845866509091,12.963577323636363,267.8652898255278,92.93517844136926
77.58605,12.9428517,25.084669055043893,59.81427530954115
77.585863125,12.943726525,21.470736561046984,60.34231609613984
77.58588973333333,12.945226913333332,17.648207845004407,68.49963583394027
77.58721046818181,12.945702018181818,17.593400537605646,55.64457392571013
77.58790374894498,12.946287920531802,17.497628309233647,52.31245447924253
77.58850432941176,12.946190741176471,17.74735764786641,59.45010924981792
77.59060048888888,12.947053013333335,18.795607739031173,30.26219956300073
77.5944312375,12.942735875,18.88101114275585,59.50473415877641
77.59448881952382,12.94432518947825,27.30429160316069,55.97232337946103
77.591128,12.94727217142857,19.37995424121087,19.118718135469777
77.5927967,12.9467783,24.29420687156089,27.521849963583396
77.59492035263158,12.944985629824561,30.37271012693867,53.241077931536786
77.5952403254902,12.945422193137256,31.51151321236219,53.31391114348143
77.59445261363636,12.946877568181817,29.167037532058504,55.82665695557174
77.595770525,12.9461718875,31.627402231105208,53.75091041514931
77.5907619,12.94774805,18.24062543247692,38.21922796795339
77.59063035416666,12.9513264375,19.869724539435133,46.68608885651857
77.58879577777778,12.952414566666667,26.453534825381876,28.02257829570284
77.5906621025,12.952149174999999,22.802595764826645,46.84996358339403
77.5911934818182,12.947442381818183,19.284224234210278,17.716678805535324
77.59304055,12.948132475000001,21.98948849157246,6.5549890750182085
77.59296396666666,12.949325,19.384730686100188,7.957028404952658
77.5939961,12.947985,24.801103395611918,39.839766933721776
77.5948506,12.9498091,21.273177843675928,21.21267297887837
77.5964292,12.9500494,21.285663541003984,43.90932265112891
77.5909612,12.9513837,20.048980607390376,49.817916970138384
77.59497,12.951464450000001,18.77089792393417,5.626365622723962
77.5955863117647,12.950789658823528,19.588898051989336,26.037873270211215
77.594661575,12.951718525,18.82523677423854,6.900946831755281
77.59556332857143,12.952588157142857,16.45490672851055,17.4435542607429
77.59717359999999,12.944367803333334,24.880347527852596,48.74362709395484
77.597032214,12.944884454,27.10085610971151,49.36270939548434
77.5968057,12.9461079,29.55609491494319,62.29060451565914
77.5979157,12.9472347,24.616345889541794,52.203204661325564
77.6028541,12.94277995,5.9917733293066835,17.316096139839768
77.60286571428571,12.9439189,5.530743538476143,11.780772032046613
77.6035239,12.9440991,5.338555250388519,29.005826656955573
77.6070837,12.9440513,6.700756995165837,35.10560815731974
77.60276066,12.944927889999999,5.75961673601423,6.318281136198106
77.602452875,12.9466412,6.844038679946201,10.433357611070647
77.6073167,12.9454017,5.622935041485738,27.25782957028405
77.6068912,12.9460651,5.458024763174592,25.910415149308086
77.59716663157894,12.948368147368422,25.17763979519936,43.2993445010925
77.59821955789475,12.948443605263158,21.975040898922376,41.18718135469774
77.59740305964912,12.949299177192982,22.352792976835467,42.07938820101966
77.59820573666666,12.948966071666666,21.061382231713306,31.48215586307356
77.60164876,12.94846284,9.07201365590323,30.57174071376548
77.59738932500001,12.950854649999998,17.652939762582523,38.92935178441369
77.59847908571429,12.9506678,15.699559115941481,41.93372177713037
77.59711349999999,12.952016033333335,14.503624051767986,11.871813546977423
77.60232321666668,12.948450483333334,7.733838094567915,16.041514930808447
77.6060706,12.9486733,7.848606585443869,27.021121631463945
77.60591418571428,12.949334233333335,8.839182249268308,22.141296431172613
77.60605,12.9490667,8.485457608393629,37.126729788783685
77.603637125,12.951295875,7.202946121337848,27.91332847778587
77.60424946666666,12.951910499999999,7.659477238915751,34.68681718863802
77.60539807142857,12.950479728571429,9.660937498952412,25.928623452294246
77.607361035,12.951476199999998,11.087750910546848,31.02694828841952
77.6053080125,12.9523780125,8.836727761808161,35.26948288419519
77.6071546,12.951567866666668,11.09963258769772,33.84923525127458
77.5856340875,12.953946175,50.808419324629014,71.26729788783686
77.58566717810457,12.955131508823529,62.46750576581328,64.79424617625638
77.5875801888889,12.955113277777777,51.14859604464604,57.99344501092498
77.5890785,12.9530206,29.57968698247086,43.90932265112891
77.59042281904762,12.954059961904761,29.51560009585773,45.13838310269483
77.5889435142857,12.954627728571428,38.49767804952018,34.14056809905317
77.58997038,12.954350980000001,31.940423379832644,41.22359796067007
77.58590976170213,12.956281046808511,68.19803629566032,84.17698470502549
77.58630392421524,12.95786011883408,70.05457218800466,72.70575382374362
77.58883046666666,12.957379133333333,43.31086743023972,64.43918426802622
77.5898167,12.957985,33.28192361443703,43.672614712308814
77.5915031882353,12.953872955882353,26.204631479260858,50.07283321194465
77.59303843125,12.953668,22.408704840854398,47.6693372177713
77.591791884,12.954966568,25.513450698025277,48.50691915513474
77.59314553243243,12.95469232027027,21.67356145266255,41.096139839766934
77.59490386666667,12.953750133333335,16.85702597283271,32.5564457392571
77.59582556000001,12.953374819999999,14.511185866310123,21.831755280407865
77.5942613,12.95517225,17.409923721987873,43.26292789512017
77.59216869,12.956330450000001,22.01116089003563,41.33284777858704
77.59245575999999,12.956791419999998,20.274173803944763,40.659140568099055
77.59280198500001,12.957786290000001,18.722406946244433,29.788783685360524
77.58658452676056,12.958627247887325,70.69451289353674,72.06846321922797
77.58706126,12.9591052,68.10319143506136,77.82228696285506
77.5866597,12.9611058,105.21447007653255,67.57101238164603
77.58762336792452,12.960473315094339,72.1656472149169,65.56809905316825
77.5890447,12.959145,42.313599180962164,56.37290604515659
77.588382,12.9610281,62.79470063691121,60.84304442825928
77.5863273472973,12.961263401351351,118.36084498505495,61.289147851420246
77.58721768333332,12.961178892857143,92.0377733775739,62.472687545520756
77.58915873958334,12.961806922916667,53.53162185589399,61.78077203204661
77.58977165,12.9623405875,45.708410425274145,55.17115804806993
77.589444175,12.9631443,55.70009359783551,48.15185724690459
77.59011485,12.962828277272727,42.568930918508954,43.62709395484341
77.59319836363636,12.958809063636364,20.487840092402514,24.617625637290605
77.595894525,12.960712325,58.65033701491393,79.80699198834668
77.5914196,12.9623915,30.28296865044421,48.08812818645302
77.5935685,12.9618291125,36.2370971900387,55.717407137654774
77.59135254,12.962643199999999,31.037253543879505,44.30080116533139
77.5929355,12.962937,32.67615708870647,31.919155134741445
77.59412980666666,12.9619509,42.631906639177565,58.84923525127458
77.5960024669903,12.962005755339806,70.1379173628887,74.03495994173343
77.5939104,12.9627836,40.74476416202109,64.53022578295703
77.5959711,12.9627132,69.22683457262347,68.15367807720321
77.6016487,12.9564184,7.6392947585192585,15.477057538237437
77.60203083333333,12.956003066666668,5.603478523618301,9.450109249817917
77.6060483,12.958255,2.91878325076401,14.857975236707938
77.606088,12.9579314,2.6937010028233557,14.857975236707938
77.6003971,12.9607712,67.41656728436928,88.34668608885652
77.6015616607143,12.960462996428571,47.20044156944926,74.07137654770575
77.59721869846153,12.96200209923077,85.89799802057784,73.94391842680263
77.59881979600762,12.961956515589355,90.9516754004078,73.34304442825929
77.59847198349514,12.962696674757282,89.82580346749218,73.9985433357611
77.59935471797753,12.96164194213483,86.60432469579781,74.7632920611799
77.59992968,12.962957833333332,76.86502287633233,81.90094683175528
77.6013094,12.963102167857143,54.68443598425139,77.94974508375819
77.60232675,12.95977175,30.62451276544934,59.41369264384559
77.6061248,12.958385,2.8749572367422394,14.857975236707938
77.6041232,12.962384899999998,17.582670372060612,4.606700655498908
77.6028822,12.9629334,31.114149388131075,31.509468317552802
77.6041805,12.96308315,16.96061959216306,0.7829570284049526
77.60573,12.9626183,7.7550100617382265,3.02257829570284
77.52716123333333,12.971970966666667,1.4203779524903442,14.766933721777132
77.5280289,12.9718529,1.9527798592764314,20.211216314639476
77.52985836,12.97407214,5.972487615437624,18.390386016023307
77.534259775,12.964478225,77.49377625200196,84.79606700655499
77.534986,12.9646581,101.9133194442642,86.14348142753096
77.53459110000001,12.966241385714286,112.48191600856772,83.6489439184268
77.53513773453385,12.966168702293578,130.4468819732992,74.45375091041515
77.5341931,12.967956,98.4160091612384,89.82155863073562
77.53577743399428,12.967250281741114,151.0052145208347,82.22869628550619
77.5342196,12.9679925,99.01472327728534,84.55935906773489
77.5359926,12.9689314,133.59306568211247,87.56372906045156
77.5385366110777,12.964979577897404,170.86688919228922,82.46540422432629
77.53676792231076,12.965618652988049,168.8041488074649,93.11726147123089
77.53762499999999,12.965319569999998,175.84492841296017,93.04442825928624
77.53906867344357,12.964801975931213,162.66428756777196,82.72032046613256
77.54058881486486,12.964345934459459,123.27883866214697,81.42753095411508
77.53614097633587,12.967586490076336,156.3918699776734,81.57319737800437
77.53676992662292,12.968764597854689,145.53609901649875,79.07865986890022
77.53771679,12.968449624,150.39065287995487,92.22505462490895
77.540866675,12.967663425000001,93.465443105647,91.87909686817189
77.5414982,12.9680072,73.53933214402984,64.65768390386016
77.53578498571427,12.97125567142857,86.90931218866533,89.95812090313183
77.5309155,12.9748028,8.356402503156513,18.572469045884922
77.53702310423077,12.970248233582993,116.9630932014009,84.5047341587764
77.537469175,12.9705388875,111.33923051207401,82.319737800437
77.53704833893805,12.971236210619468,99.13679552031881,79.20611798980335
77.53760941602984,12.971924529977944,89.05241864546093,69.10961398397669
77.5371485,12.972757366666668,74.74949415227807,80.8448652585579
77.53796773068616,12.972658514984523,79.05827892580174,70.44792425345958
77.53827506111111,12.973773900000001,65.488450484219,78.84195193008011
77.5391814433044,12.97337138497272,75.58102721834013,80.31682447195921
77.540917325,12.973379125000001,106.39436169857136,40.80480699198834
77.53972578888889,12.973563183333333,80.32762819351632,81.62782228696285
77.54075360769231,12.97368593846154,103.256990085926,73.17916970138383
77.5249746,12.976317099999997,1.79705548437509,4.515659140568099
77.52546607000001,12.97631079,2.054871183500174,8.867443554260742
77.5265961,12.976285,2.8068064835123767,29.11507647487254
77.53023055714286,12.976261571428571,7.008959564093862,29.82520029133285
77.5200529,12.9815561,2.366089416190424,40.75928623452294
77.5201335,12.9830969,5.504208131001093,46.649672250546246
77.5232607,12.985503,7.266774596635351,28.53241077931537
77.52429666496772,12.985152070157296,5.896417769515947,22.687545520757464
77.5302615,12.9830396,6.54009379946934,19.48288419519301
77.5262201,12.9842127,5.969287559935433,33.16642388929352
77.5256455746036,12.984997335028442,5.8423140075046005,33.7946103423161
77.52684761340095,12.98550316959778,6.196062434404598,30.444282592862344
77.52886385138653,12.983861924818545,7.178968193324845,18.809176984705026
77.52953540974138,12.983597118153197,7.015072228229491,27.093954843408596
77.52786615843891,12.98478871794601,6.947186993666059,25.373270211216315
77.53124135625,12.976044715625001,8.39082906400478,23.47050254916242
77.532280375,12.97603709,9.847983367750341,28.696285506190822
77.53115457142857,12.976282471428572,8.083192187864434,25.136562272396212
77.53425005,12.9756654,16.57593005232369,23.17916970138383
77.53534264999999,12.97563485,22.07287753104251,71.35833940276765
77.5358178,12.9769075,14.459011368723518,33.39402767662054
77.53402192247222,12.979541759217703,4.92786665704177,13.018936635105607
77.5372894,12.9760683,28.584108523192363,71.23088128186453
77.53827766666667,12.980045433333332,13.426970206049145,14.293517844136927
77.54109708333334,12.978839233333334,54.82557671459791,64.34814275309542
77.53922505,12.979687307142857,20.832842496548526,47.86962855061908
77.54043795,12.979036083333334,40.32915417840771,64.0203932993445
77.53092704960349,12.982538095643466,5.978867728372396,16.314639475600874
77.53253627741393,12.9819996274238,5.261053616768481,1.4020393299344502
77.5345967,12.9814733,5.706176531049984,11.653313911143481
77.53559561666667,12.981025616666669,6.278077664060466,11.817188638018937
77.53395616988458,12.98181119970576,5.595853235750991,10.415149308084487
77.53085716637824,12.983138292826162,6.35344241381134,19.537509104151493
77.5368371972856,12.980578593383507,8.07860511997899,5.025491624180627
77.53699099841484,12.984077004285714,22.979469538294214,40.71376547705754
77.53717852062155,12.985176460705205,36.164286175063175,76.98470502549164
77.5423312056338,12.9642697971831,73.70138192714074,59.796067006554985
77.543195964,12.964476864,54.20315253442446,56.245447924253455
77.5442069,12.96590025,39.42582491045416,39.803350327749456
77.5445904,12.9662202375,36.06437322447933,36.25273124544792
77.54653166666667,12.966474866666667,29.232220165540173,42.55280407865987
77.54249932592593,12.967254085185186,60.82917893904316,47.050254916241805
77.54347487391304,12.96685831304348,47.75524862138487,37.39985433357611
77.54513062857143,12.967390476190477,38.51493948602079,38.51056081573198
77.5469721,12.9669408,31.930406926298826,49.6176256372906
77.54548827464788,12.968753204225353,59.461461361473035,46.194464675892206
77.54570016875,12.96919258125,72.83494680419166,56.73707210487983
77.54950406060605,12.964468327272726,29.40157151910479,66.46030589949017
77.54768472857143,12.966152128571428,27.0095251654607,39.23889293517844
77.548532404,12.966203995999999,28.192286737077694,42.2068463219228
77.5504897935484,12.964098946774193,36.67000451437081,66.09613983976693
77.5519613084507,12.964386402816901,52.51910306673709,95.26584122359796
77.5473548868421,12.966972384210527,31.85450859097634,31.336489439184266
77.5490461,12.966797233333333,30.972815850120554,47.450837581937364
77.5486346,12.968762,57.14592687237766,42.02476329206118
77.54596306923077,12.969840515384616,99.93739651411916,56.51857246904588
77.5466193039604,12.971359333663367,197.0294295175149,57.53823743627095
77.54171838571428,12.973471085714285,138.64831037303233,37.03568827385288
77.5441506,12.9727688,240.93726177066236,99.30808448652586
77.54177773846155,12.973623138461537,143.92097359806363,38.41951930080116
77.54382871764706,12.974146241176472,276.65960587624255,91.76984705025491
77.54586460666665,12.973172406666666,318.1867896534381,98.27021121631464
77.54508702230152,12.974330353925067,338.5714528177255,86.65331391114348
77.5462216767742,12.974385854388052,355.6414422688493,86.38018936635106
77.5489783,12.9701467,108.80350859656319,66.33284777858704
77.5519133,12.969725,68.56891593432454,98.41587764020393
77.5517575,12.9709078,115.57000471554746,94.75600873998543
77.54732126285714,12.972563834285713,279.9632558662586,96.41296431172614
77.5487808,12.972706044444443,262.74801055698657,93.80917698470502
77.5475671249345,12.974403180699968,334.2788280965947,83.94027676620539
77.54909459778999,12.974149876992472,289.3760749193815,88.98397669337218
77.55082706,12.9733947785,232.58401494772357,84.122359796067
77.55123938774193,12.97341660967742,219.54721932806675,81.51857246904588
77.55070344531835,12.973635621722847,239.15378590357207,84.92352512745812
77.55135072628636,12.97373605704698,218.0670772845036,83.26656955571741
77.55345619354839,12.964342790322581,66.9355252426834,81.59140568099053
77.55473052291667,12.964480458333334,71.59008227951857,92.86234522942462
77.55566093214286,12.964349732857142,68.98317017668373,94.79242534595775
77.5568886,12.96396008235294,58.74315354666567,89.71230881281865
77.55561780000001,12.966132057142858,53.37669961393554,81.50036416605973
77.55479127999999,12.96909372,30.988720100468303,89.07501820830298
77.56311,12.966535,5.942847915069731,31.318281136198106
77.55917744,12.96886496,9.761097839826041,31.17261471230881
77.55950535,12.96871565,9.028201579882479,23.579752367079386
77.5533217,12.9742433,140.78412515686358,95.04734158776402
77.55390835,12.974779250000001,116.77357246469109,84.21340131099781
77.5565004,12.9744003,80.96395388802021,90.73197378004369
77.55736518571429,12.974573242857144,88.79127627452847,83.17552804078659
77.56174535,12.9748131875,94.98955145859348,84.83248361252731
77.56272873750001,12.97465335,75.70785705436101,78.24107793153678
77.54224204444444,12.975618055555556,171.55389212870378,35.924981791697014
77.54401862,12.97509688,288.42334119480273,96.70429715950473
77.5422432,12.977130800000001,132.29393401828165,75.10924981791696
77.54504976578947,12.975406859210526,323.12677553063344,89.51201747997086
77.54662805714285,12.975745614285714,313.5073284886905,91.33284777858704
77.54546931270903,12.976839142809364,250.26087837936836,85.50619082301529
77.54580052571428,12.97728846,218.90028929543837,65.79570284049527
77.54232946439501,12.978560372092751,89.14626093820246,66.49672250546249
77.54352680264202,12.978389888003116,124.1449178872221,72.68754552075747
77.5426575,12.9792902,73.69383068918798,78.88747268754553
77.54482427976191,12.977953184523809,169.97108924085688,80.7538237436271
77.54791234727273,12.975198536363637,305.5617208577482,85.88856518572469
77.54866575714286,12.975745942857143,254.81511492189637,85.77931536780771
77.54721227499999,12.97645585,256.8543203643955,83.9766933721777
77.54869390285715,12.9767984,192.25911194631615,47.32337946103423
77.55227923043479,12.97517393478261,162.35477784920843,93.57246904588492
77.551253,12.97740714,106.10925155860573,45.793882010196654
77.5480905,12.9782124,126.5964251306263,51.229060451565914
77.54909669999999,12.978231923076923,108.55155387999314,39.29351784413693
77.54791420000001,12.98019755,66.00630891550789,76.87545520757465
77.54881269583333,12.9798634125,67.9677692330138,73.23379461034231
77.55059725,12.978033466666666,94.08482895638826,44.610342316096144
77.5512437,12.9776568,97.78677473571392,55.48069919883467
77.54252315,12.98561965,12.85684286349197,57.81136198106337
77.54478198461538,12.984993992307693,17.65186369333573,52.986161689730515
77.54651564577944,12.984719249028137,35.72102011299223,75.85579024034959
77.54891682012578,12.981055452201257,58.860625085075704,78.64166059723235
77.54894645426356,12.982498290697674,60.766777896551844,79.15149308084487
77.5506288,12.980750975,59.49329750766291,73.12454479242535
77.5522741625,12.9806473125,60.939323928840466,61.47123088128187
77.54895800432432,12.983689081621621,65.26182194972253,75.56445739257101
77.54780153181818,12.984585059090909,53.122143839538104,70.70284049526585
77.54922790758621,12.985328329178149,75.53886806111653,84.75965040058267
77.54981409999999,12.98486585,81.1371724987129,72.85142024763293
77.55216662727274,12.98574130909091,115.1118902999649,75.61908230152949
77.55294235294117,12.975814088235294,124.62002605434516,30.243991260014568
77.55420300737735,12.975532775051159,101.17618625151165,33.63073561544064
77.55291837058823,12.977153982352942,90.27970518068803,30.517115804806995
77.55589987352941,12.975730185294118,87.32509737660735,73.83466860888565
77.55747226315474,12.975681676914343,102.29109135353595,83.53969410050983
77.55322460454546,12.978233086363637,69.86827421311823,55.025491624180624
77.55369980684932,12.979610421917808,63.7623423165183,69.22796795338675
77.55460623985715,12.980033323485788,68.98395851628112,71.15804806991989
77.55571562407407,12.98017245,75.86279996270699,93.918426802622
77.5569750235294,12.980311435294118,81.67891740779287,73.96212672978878
77.55885772490856,12.975735647948683,118.99840105113009,82.04661325564457
77.56017201496076,12.975741540965451,121.39239106093436,80.06190823015295
77.56050918000001,12.977162150000002,110.7781346960208,83.57611070648215
77.56132352850719,12.975675192143765,108.77881072311355,81.93736343772761
77.56264005172413,12.975378731034482,83.02349427499473,78.02257829570284
77.56306335,12.9771147,68.5151143481286,74.98179169701383
77.558575,12.978925,93.82358141590957,81.47305171158048
77.5587281,12.9789771,93.27059469281131,81.47305171158048
77.55311436153846,12.980591815384615,63.40653832831046,83.28477785870358
77.55413216666666,12.980598516666666,68.14714653048453,85.90677348871085
77.5540281,12.9827208,85.03448954252185,88.89293517844136
77.5563313,12.980455033333334,79.14572188137836,80.57174071376548
77.55752196470588,12.980516635294117,82.19239488184733,70.83029861616897
77.5576284,12.9824425,78.55441841328552,83.50327749453751
77.55381535,12.984379516666666,106.32183452290815,81.64603058994902
77.55408073639407,12.984266010009758,104.82392280860329,81.70975965040058
77.55319663686747,12.985215322650603,115.26883831739474,69.61034231609614
77.55419518097825,12.985259898369565,115.11246242001806,81.24544792425345
77.5574074,12.98418594,80.42912297728897,73.03350327749453
77.55594479104477,12.985246025373135,100.01208840756763,68.17188638018936
77.55694640909091,12.984833109090909,86.29521967934184,66.3510560815732
77.55839950393239,12.980789904635174,79.9930490295059,66.27822286962855
77.55988651428571,12.981339528571429,68.3508903963225,77.11216314639475
77.5591469,12.9824619,69.43599956214275,81.91915513474144
77.56011628571427,12.982530135714285,61.66038044221154,71.8681718863802
77.5634343,12.9805294,38.083796331050415,63.710852148579754
77.56152486875,12.982682412499999,49.06681009726605,62.836853605243995
77.56283954676364,12.982413930439815,38.731962297715164,53.86016023306628
77.55858413636363,12.983801318181817,69.50200125400221,44.53750910415149
77.5601037113402,12.983883596907216,55.70732282019794,50.491624180626374
77.55806083333333,12.984590366666666,72.8397893119246,65.27676620538966
77.56011201463414,12.98499593292683,49.23684890987276,40.84122359796067
77.5616357,12.9833186,45.58772054892861,66.1143481427531
77.5629515,12.9831661,35.453806159409254,66.9701383831027
77.52044957391304,12.986889117391305,14.844504694401385,45.21121631463947
77.52015078,12.987794830000002,14.573072907598108,44.42825928623452
77.5209267,12.9911617,4.461067827600316,51.18353969410051
77.5261277,12.9858966,5.697988606713537,33.16642388929352
77.5264267,12.985905,5.757134389925811,33.16642388929352
77.52098582222223,12.991756777777777,3.324411564957423,54.24253459577567
77.53724659716981,12.986566470754717,53.75496104208885,83.87654770575382
77.53747122222222,12.986944177777778,58.103521533576966,83.75819373634378
77.5371779139785,12.987883916129032,63.544437466039604,88.09176984705024
77.53767754279671,12.987972658468559,64.73085278543853,85.30589949016752
77.53884,12.9874045,56.3583935984368,93.28113619810634
77.53779570225423,12.98933053529282,62.3231644359356,78.60524399126001
77.53813011538462,12.990798088461538,48.75936705668751,77.14857975236707
77.53356,12.99237,9.422777647079647,83.04806991988347
77.53539,12.9951667,7.483789141356537,48.652585579024034
77.53836022333333,12.991799531666667,37.720203276681765,76.03787327021122
77.5383579,12.993000649999999,27.135506298151327,69.33721777130371
77.53878418333333,12.992569916666667,29.86178723004392,60.487982520029135
77.53905241851852,12.99329064074074,24.881243797328022,40.7319737800437
77.53968148333333,12.994869016666668,24.3320103958389,48.70721048798252
77.54008264999999,12.9961284,34.54723169166707,72.9060451565914
77.540232325,12.996590075,39.84776522313317,70.50254916241806
77.5216905,12.997572066666665,4.236369039270961,70.48434085943191
77.5237883,12.9981633,9.424469396845641,79.06045156591406
77.52350665,12.998270000000002,9.18692432872257,77.53095411507648
77.5242396,12.998643949999998,11.561866122452194,76.82083029861617
77.52476346,13.000326820000002,17.334327412006374,85.94319009468317
77.52537337142857,12.999270114285713,14.675582050165174,79.40640932265113
77.52553126052631,13.000290644736843,18.11067258063256,78.25928623452295
77.52559177391304,13.0017334,22.70820561150929,89.85797523670794
77.5259880744186,13.002944634883722,28.00686074826969,86.78077203204661
77.526579,13.0035181,31.651583709717798,79.44282592862345
77.5260792,13.00406998,34.617093585738985,81.19082301529498
77.52657933333334,13.003908555555556,34.241812884518666,79.71595047341587
77.5291039,13.003515,21.51238432443679,52.78587035688274
77.5293024,13.0035268,20.275641634785863,52.658412235979604
77.52866707499999,13.004830225,32.95578877153897,56.172614712308814
77.529415,13.0041433,22.807887065179525,64.98543335761107
77.52625689999999,13.0061117,49.55136906678831,96.77713037144939
77.52711452666668,13.005956639999999,49.44583882060137,97.85142024763293
77.526163475,13.0070874625,53.19342571674029,98.92571012381646
77.52677085695363,13.007255358940398,55.03018730023773,99.16241806263656
77.52792266470588,13.005583152941176,43.59486792331252,93.39038601602331
77.5325752,13.0000519,2.2456032798470504,4.970866715222141
77.53375359614671,13.000341814030332,2.5887124454326846,0.7465404224326293
77.53542658758113,13.000776952521903,5.103928907912869,64.27530954115076
77.5380433,12.9969317,21.673755055471553,65.6318281136198
77.54065270999999,12.997903551666667,53.9217505413463,65.76839038601602
77.54091951208791,12.998744690109891,58.11240835360522,69.17334304442826
77.5363253,13.000581299999999,8.584625353777069,58.28477785870357
77.54104316086956,12.999897226086956,52.11296245975683,79.33357611070649
77.5312298,13.0024119,6.5781072004237,32.392571012381644
77.5305733,13.00766,22.259091457524725,94.95630007283322
77.5411074,13.0059117,10.645907161962393,52.8040786598689
77.5461617909091,12.989170945454545,26.160729756169403,80.79024034959942
77.54938253492062,12.986479315873016,83.14267191402129,66.05972323379461
77.54807858333334,12.988487966666668,60.76647653799374,81.55498907501821
77.54953125625,12.98767915625,90.25831990922724,91.3510560815732
77.5503707325,12.986756337500001,101.27029452413733,75.83758193736344
77.55180648095238,12.986128528571427,115.27953413722389,72.35979606700656
77.55008321860464,12.987849658139535,101.22106737703714,98.30662782228697
77.55193727777778,12.987594781481482,124.85658778827049,61.90823015294975
77.5475177,12.98868,49.21068178180312,86.27093954843409
77.55043466686901,12.989479074030218,110.564058814478,98.01529497450836
77.55242507826087,12.989126358695652,132.43429944816629,81.15440640932266
77.550613888,12.990102105333333,114.36475636716784,98.65258557902403
77.55195956428572,12.990316000000002,134.0759372305022,94.71959213401311
77.5421489,12.9918229,15.104597914318315,50.40058266569556
77.54329655000001,12.9918807,11.981961105347574,55.51711580480699
77.54632832499999,12.996579324999999,185.89421734829372,89.91260014566642
77.5508580368421,12.992003589473684,126.8567546252152,84.63219227967953
77.55242564,12.991890340000001,146.8945330014447,89.80335032774946
77.5509022,12.993056516666668,144.77373772287788,80.1347414420976
77.55203470555556,12.993643927777777,171.38349533813678,90.95047341587764
77.55167891092438,12.99500501764706,223.42665494677306,76.89366351056081
77.5506558,12.996610427777778,343.18118578433837,91.58776402039331
77.55140011,12.99603577,288.63154109410414,85.06919155134742
77.55350785,12.985998024999999,122.15132504300611,80.71740713765477
77.55428198554218,12.986302643373493,120.62858984861671,79.1332847778587
77.55264422,12.988028779999999,129.65190151157677,63.87472687545521
77.55472714920634,12.987616995238096,116.90795706229548,68.22651128914785
77.55598915185186,12.98646524814815,100.35461224081635,69.46467589220686
77.55579610597016,12.987821523880598,99.98679302916138,67.64384559359068
77.55289484444445,12.9896326010101,134.6744299949386,70.52075746540423
77.55413458444444,12.989768426666668,126.63378164390922,70.1019664967225
77.55293486711409,12.990352870469799,137.99645182283,82.81136198106337
77.55423106744185,12.99014781627907,127.09873203867554,69.48288419519301
77.55597356829269,12.989691798780488,94.41652191655436,50.8557902403496
77.5577633,12.9896951,58.51440624829049,57.93882010196649
77.55595407333334,12.990453800000001,96.54205183835094,52.73124544792426
77.557123875,12.990615391666667,71.42593768115353,58.02986161689731
77.558631375,12.986756225,56.008552404882856,62.909686817188636
77.56001035999999,12.98657541,39.954609414121684,43.445010924981794
77.55881107,12.988482880000001,44.49404634907157,35.5972323379461
77.559837085,12.987588464999998,35.719266964373254,36.47123088128186
77.55899294782608,12.988736960869566,40.98914967912076,42.00655498907502
77.5580916,12.9906914,52.574996438844124,47.068463219227965
77.5526495513369,12.992156554545454,150.13881616798582,88.18281136198107
77.55452395490197,12.99220441372549,134.26996298381326,86.3073561544064
77.55293687363184,12.99311050597015,160.50945118362824,92.27967953386744
77.55432603286202,12.993209681696813,143.37325117434654,81.33648943918426
77.55596004285714,12.991522871428572,100.04003478058362,53.07720320466133
77.55740175,12.99247385,67.61776706291195,37.25418790968681
77.5560667,12.993616699999999,99.87070208925739,79.29715950473415
77.55276647962962,12.994757898148148,196.74739287628353,90.91405680990532
77.55453411857935,12.994599133913509,146.86559060687455,91.07793153678078
77.55348616666667,12.995673066666667,201.00550303502598,84.44100509832484
77.55459524,12.99640406,162.76303488857698,70.26584122359796
77.55540384705883,12.994467882352941,118.99785452147853,79.53386744355426
77.5584279884058,12.99266005652174,48.07616813463472,34.340859431900945
77.55868417826086,12.9927435,44.18618232166425,36.744355426074286
77.55975587500001,12.992866,32.22160427279761,38.80189366351056
77.56171205714286,12.996727742857143,43.66608017761369,75.18208302986162
77.56312153042505,12.996323325727069,48.940581433437366,60.979606700655495
77.54380450754716,12.997910598113208,104.62723410760478,75.0
77.54220854655173,12.998712965517242,73.41220811211285,71.97742170429716
77.54311152857143,12.998255885714286,88.87060438325133,73.6707938820102
77.54468833510177,12.997593643609555,133.03975966530135,79.64311726147123
77.54640968466666,12.997395812666667,225.69482366376658,95.02913328477786
77.5463967,12.9983942,248.9803522797761,99.25345957756737
77.5427748,13.002306499999998,32.05652673485908,69.75600873998543
77.54785584717668,12.99745812586521,327.9092415011929,88.9293517844137
77.54916172401079,12.997550311016356,399.0172932953208,91.26001456664238
77.54829257272728,12.999250845454547,398.7451907525204,94.62855061908229
77.54910932402208,12.999211174160791,442.09185982500384,89.38455935906774
77.5501971999641,12.997603996975652,415.7878756730255,97.94246176256372
77.55175743966943,12.997891196694216,375.20710612545895,89.78514202476329
77.5503541272058,12.999023118954266,455.3759285215478,89.31172614712308
77.5521312,12.9983241,361.55874209784565,94.31900946831755
77.5496080295712,13.000018577847536,432.7542234384575,86.4530225782957
77.54956895882353,13.001564411764706,331.3425766078605,93.08084486525856
77.55025764392131,13.000249959128485,421.7456198843577,88.32847778587035
77.55181805999999,13.00005414,362.61026353485687,91.55134741442097
77.55030269432099,13.001609994814816,328.7446839002729,89.12964311726147
77.5434017,13.003755,23.617211338190142,50.47341587764021
77.5422366,13.0058643,15.707544471604812,59.77785870356883
77.54396127499999,13.0066046,33.89433382055484,51.365622723962126
77.54944735142857,13.003031385714285,222.6014630859735,88.5469774217043
77.54929353783784,13.004053435135136,168.46419937506033,79.49745083758194
77.55012960803859,13.003035080707395,226.92440211190365,77.13037144938092
77.5523757,13.0030562,177.73504457243908,92.00655498907501
77.5500769894737,13.003863263157895,183.23860036100862,77.39439184268026
77.55208265714286,13.004171428571428,157.08277637901062,74.8543335761107
77.5473362,13.0058782,98.30958720953652,89.73051711580482
77.54879778461539,13.00613925576923,131.43823894404557,89.69410050983248
77.54791843217352,13.007601522446306,124.6920761838984,87.94610342316096
77.54862969708029,13.00715958868613,137.89439663971012,93.62709395484342
77.549807475,13.0052678,147.1167654927733,88.83831026948289
77.55295092727273,12.998070385858586,296.2938116093101,81.20903131828113
77.5549561,12.9972446,150.73927876920632,97.02294246176257
77.55300967986666,12.998491849066667,295.63945165094805,79.60670065549891
77.55456177857143,12.998487549999998,177.01594778477954,74.79970866715222
77.5578413,12.9981774,44.504804348624305,38.85651857246904
77.55582901904761,12.998623952380951,102.99255132201841,71.95921340131099
77.55741053529412,12.998376229411765,51.50605094516834,34.35906773488711
77.55271296999999,13.000010730000001,296.8990379843491,82.52002913328478
77.55313522857143,13.001842842857144,190.36662449176913,71.13983976693372
77.55872254722222,12.997858205555556,36.12156834110578,30.335032774945375
77.559895225,12.997403858333334,35.09346383393904,61.689730517115805
77.55806085,12.99821165,41.07750473841163,35.46977421704297
77.5610486,12.997002753333334,40.03125054266215,66.60597232337946
77.558256,12.9997243,29.411314281303195,46.88638018936635
77.55339651102364,13.002945008661419,143.3979325740891,65.29497450837583
77.55342985935141,13.004387192305526,137.32066364965507,61.50764748725419
77.55429802857142,13.004515961904762,127.62227186055803,55.20757465404225
77.55422964166667,13.005642479166667,176.82490465001598,97.76037873270211
77.55385,13.007215,282.6570570928379,99.07137654770575
77.55445575483871,13.007056206451614,273.4403965326194,92.4435542607429
77.55757685,13.005948516666665,111.01308392797155,76.54770575382375
77.55740571111112,13.007370911111112,180.0926244434774,73.27021121631464
77.5597586,13.0029399,12.373317925399979,8.211944646758921
77.5624514,13.0047474,12.079592886589433,16.8244719592134
77.558779,13.005085,48.14767596838213,36.270939548434086
77.55820040833333,13.006685308333333,111.25824945580443,71.32192279679533
77.5622477,13.0052997,13.10322188717157,14.493809176984703
77.56292331428571,13.007309885714287,17.192126677556324,20.611798980335035
77.56882035000001,12.9639426,43.25580716994623,39.62126729788783
77.56818541333334,12.9660352,37.356106854815216,51.29278951201748
77.56465159270614,12.967625645871655,8.89318986239286,45.70284049526584
77.56808575517242,12.967213775862069,36.5026714234713,57.95702840495266
77.56748987142858,12.968616414285716,26.916706862049825,72.94246176256372
77.56806874230769,12.968864642307693,33.97016246226833,67.0611798980335
77.5699852,12.964393445454546,92.27818799199132,44.08230152949745
77.57113818333333,12.964240466666666,173.42667612849235,17.26147123088128
77.57012703333334,12.965968266666666,112.99871455721218,47.1959213401311
77.57246156363637,12.964511754545454,338.92611126204616,93.00801165331391
77.57385656364208,12.964722410679514,566.9548785453957,99.5265841223598
77.57378992608696,12.965880400579712,550.393873460291,98.36125273124546
77.5701496137931,12.967455127586206,108.62660689089815,61.63510560815732
77.5703523,12.9679361,115.33035315335113,57.374362709395484
77.57019357419355,12.968545419354838,99.16060398860043,65.54989075018209
77.57421502155478,12.967215241696113,532.5338293351247,98.0517115804807
77.5730152,12.969307166666667,293.5787170391308,99.19883466860888
77.57391006976744,12.968869897674418,395.0059805553701,99.41733430444283
77.56470259999999,12.969820833333332,12.817216646439949,48.06991988346686
77.5652319357143,12.970070292857143,14.7316567775944,43.499635833940275
77.5657672,12.971194941666667,19.36316266576962,40.4952658412236
77.56832263333332,12.970228166666667,34.647395208966856,61.871813546977414
77.56656214285714,12.9718415,24.037454143629613,48.85287691187181
77.56846901,12.97118977,37.061250000428245,45.101966496722504
77.56619515,12.97318335,31.43753056985345,45.99417334304442
77.5661877875,12.974261875,40.49848582589617,36.96285506190823
77.56648522857142,12.972741614285713,29.074582979312076,43.73634377276038
77.5689117,12.9726583,58.0524200992935,44.48288419519301
77.56626275454546,12.974195990909092,40.310826566289016,39.56664238892935
77.5702194,12.970152333333333,82.4629890821224,55.1347414420976
77.5725683,12.96960795,243.81329969890967,96.8681718863802
77.57425702222223,12.970649722222221,376.7242003174846,91.60597232337946
77.57379862173913,12.971292830434782,344.15068887995744,82.84777858703569
77.56964723,12.973091489999998,90.06725020684794,57.720320466132556
77.56978726875,12.97427505,141.9289072069289,95.61179898033502
77.5707809857143,12.974714642857142,244.92667553880722,99.27166788055352
77.57432170000001,12.973377,612.5350695783021,88.85651857246904
77.5723169,12.974233271428572,392.0336072304251,80.73561544064093
77.57412272659575,12.974034519148937,687.8363146448049,93.09905316824472
77.57527373393702,12.964733054526677,774.591149599005,89.42097596504006
77.57659176611398,12.964397502428964,864.0916716260202,91.2053896576839
77.57475163717949,12.965671467948718,693.2084597609618,89.23889293517844
77.5767804,12.966233913333333,768.9532027524075,90.36780772032047
77.5778460979687,12.964430181122994,829.8706197852749,91.73343044428259
77.57913687617187,12.964379553320313,699.3033138070202,95.19300801165332
77.57770681344263,12.96598881672131,752.5732471803863,88.49235251274581
77.57919374210526,12.965645378947368,635.6352042243262,90.09468317552805
77.57460036426117,12.967795169759452,525.6089401584513,96.52221412964312
77.57671983333333,12.967632708333333,615.2914209075611,90.02184996358339
77.57491970941639,12.96844909302528,499.7974659535563,97.21412964311726
77.57649914302326,12.968850246511629,522.1307593326061,89.05680990531683
77.57824254241078,12.967305450395607,565.7603366179112,78.4231609613984
77.57886180981595,12.967605638650307,484.1653546609579,79.24253459577567
77.57779409626866,12.968444686287874,503.6506887395893,75.91041514930808
77.57902230846057,12.968561039676786,414.7726254997135,75.21849963583394
77.58058722156862,12.964469710457516,529.2999883645508,83.41223597960669
77.58215128082706,12.964242039097744,400.4836837475519,93.19009468317553
77.58096612,12.965993606666666,424.7714734192287,85.46977421704297
77.58184676065574,12.965835350819672,371.84253107448484,87.25418790968682
77.58383048359788,12.964449349338624,315.0378662619741,86.03423160961398
77.58413466088328,12.964952216403786,295.67438711847217,86.61689730517116
77.58359899253732,12.965461823880597,304.87712139420057,89.09322651128915
77.58472425315314,12.965520405405405,254.1171889552627,89.62126729788784
77.58053075,12.9669687125,386.30472607217797,69.04588492352512
77.58172824444445,12.9672953,283.1064013364687,65.16751638747269
77.58077819117646,12.968877580882353,281.57257759221784,60.72469045884924
77.58193407142858,12.968497304761906,218.7438868906506,41.2053896576839
77.584782990625,12.96709114375,183.9034824935516,75.7647487254188
77.58514437777778,12.968955988888888,102.90855373611457,43.02621995630007
77.57563575328385,12.969858728392799,474.71650562805644,92.09759650400584
77.57601072200842,12.970347247016967,496.0954903837064,91.24180626365622
77.57649665003036,12.971369790344472,592.3720900755425,88.80189366351055
77.57846055,12.9706261,521.3592979713939,81.60961398397669
77.57965349444444,12.969748272222223,382.40027325348717,71.1034231609614
77.57725395,12.9715746,652.344296843948,97.50546249089584
77.579673,12.9715952,577.3740914020549,97.05025491624181
77.57473513333333,12.972863633333333,600.124800330732,96.81354697742171
77.57702568255814,12.972460817441862,797.1763672280299,90.82301529497451
77.57504220107526,12.974421444086023,954.9841652854686,94.22796795338675
77.5769598888889,12.974565372222223,1281.641605646498,91.18718135469774
77.57789512510797,12.973141999435787,973.9617909698148,88.96576839038602
77.57909177565172,12.973039147758081,891.185298204014,88.47414420975966
77.57821557482993,12.974097902154195,1185.2298469475343,91.98834668608885
77.57917849471625,12.973653305185909,1004.6081097689785,95.41150764748726
77.58043856666667,12.970189066666668,352.4133770746093,60.63364894391843
77.58075110727272,12.97196739818182,514.2519481422953,91.15076474872542
77.5825045,12.971988,295.55855277311844,83.23015294974509
77.58367704285715,12.970513214285715,137.48910080337694,19.683175528040785
77.58488281304348,12.969751273913044,93.2211233190021,43.17188638018937
77.58342758666667,12.971293806666667,173.39769001359713,38.292061179898035
77.5844987,12.9713232,109.06903018639582,21.77713037144938
77.58077044166667,12.972951910897436,644.6190424015184,91.36926438455936
77.58166734927536,12.972968820289854,495.93232077706267,77.54916241806264
77.5805186875,12.97355764375,772.6734243477634,92.84413692643845
77.58174863608247,12.973985432989691,572.5773904172728,93.37217771303715
77.5827793,12.9732163,338.6154603222566,77.73124544792425
77.584085,12.973025,176.04682680809827,58.658048069919886
77.58302346507936,12.973737766666666,329.31672796422794,68.88201019664967
77.5844459,12.974602033333333,175.5168180566982,73.36125273124546
77.56439752,12.975691119999999,53.495366830149976,46.1034231609614
77.56535624785029,12.975288779572626,45.940284384101965,42.82592862345229
77.56440819444444,12.976722355555555,51.91001870051926,33.466860888565186
77.56466655384615,12.978286961538462,42.14625011909914,22.906045156591407
77.5648616,12.9782504,42.078477437888274,23.279315367807722
77.56430013913044,12.979665234782608,35.88613339067106,26.511289147851418
77.5651261,12.9796835,34.88758611402769,36.726147123088126
77.57084487513228,12.975492905291006,307.54974964925316,90.98689002184996
77.5701568,12.9772745,299.9321086511312,99.05316824471959
77.5707680652174,12.977239822101449,380.77153900417863,96.61325564457393
77.5741211,12.97591885,1011.611906152848,99.12600145666424
77.57219289999999,12.976961833333334,629.1441605949607,96.66788055353241
77.57416243273542,12.977321700896862,1119.6437751316703,96.97742170429716
77.56983215,12.97804915,262.7095192143785,97.9060451565914
77.57079199874214,12.97814280691824,382.7229523836241,96.92279679533867
77.5708543925926,12.979531062962963,325.5899434687608,98.81646030589948
77.57273089791666,12.978658235416667,708.1308415292488,95.92134013109978
77.57373730926903,12.978202629389601,972.7511354813041,96.95921340131099
77.57271948050314,12.9795997918239,597.8520030746797,97.48725418790968
77.57335419117646,12.979722717647059,686.5242405767859,97.77858703568828
77.56428526284918,12.980661526666667,32.508616823909634,53.714493809176986
77.56374417589159,12.982442461923336,31.76364654355662,55.498907501820824
77.56516055,12.98228325,24.59607592234331,58.77640203932993
77.56811262222223,12.982785366666667,31.032290181699675,22.250546249089584
77.56817565,12.9834712,23.651822842248738,23.725418790968682
77.5667779,12.9847473,12.202780050111734,32.33794610342316
77.56799813333333,12.985055183333332,13.99733886199574,28.6598689002185
77.571336,12.980403800000001,310.3253810224138,92.62563729060452
77.571276,12.9826618,121.92936766941759,33.77640203932993
77.5722396,12.9806362325,388.9747027408309,80.18936635105608
77.57389442035398,12.980484403539823,620.6891212721172,97.15950473415877
77.5726504,12.9826007,194.16504456791944,59.37727603787327
77.5740716,12.9820317,345.6994986469161,82.19227967953387
77.569221,12.9855087,20.996298986337415,24.945375091041516
77.5743988,12.9838976,149.79108809456417,53.423160961398395
77.57247098,12.98521378,68.31132790135163,54.898033503277496
77.57404085,12.985357024999999,90.15182506941369,60.87035688273853
77.5751951758313,12.975529406974859,1213.0278019617385,97.56008739985434
77.57632495490668,12.975574060565924,1425.5040255067415,93.99126001456665
77.57550522234273,12.97709161200289,1424.96931667011,97.17771303714494
77.5765068810686,12.97717924699868,1555.9547133652818,92.18863801893663
77.57775045983287,12.975983713816156,1536.5062605841415,93.97305171158048
77.57905566479592,12.975562312244898,1327.8115433938046,95.50254916241806
77.577659152576,12.976802797381756,1574.3712587367145,94.59213401310997
77.57933412758621,12.97689850781609,1301.021017406052,98.63437727603788
77.57530778125894,12.978198548068669,1300.2426257252189,90.71376547705754
77.57684298415585,12.977975793506493,1483.523139050808,93.13546977421704
77.57493053767985,12.979742056654676,919.7227564956728,93.26292789512017
77.57703874078948,12.979491651315788,1106.574110460831,93.49963583394027
77.5778463875,12.978201365898059,1395.4236213963582,92.2068463219228
77.57930495389537,12.978321039000132,1129.6570150618027,90.47705753823743
77.57801764678284,12.97915646836461,1139.8792449385348,90.65914056809905
77.57915124086004,12.979076238689476,994.0296161271021,87.92789512017481
77.58103415683453,12.97591961438849,855.9473553621478,97.70575382374362
77.58190800299003,12.97545395282392,619.6636011827565,96.90458849235252
77.58023222254047,12.977203119676213,1048.5160398683472,98.72541879096867
77.58298057368421,12.975855958947369,396.3440065513793,86.28914785142024
77.58348777435897,12.976566101282051,306.70996352437317,75.3823743627094
77.58455075,12.976948025,170.31975622102914,62.090313182811364
77.5807976274074,12.978527165925925,747.8571163883739,96.75892206846322
77.58214505714287,12.978746359999999,436.7629400186174,85.66096139839767
77.58068710439025,12.979113457073172,678.2822229684198,90.2585579024035
77.5817743150685,12.979212549315069,453.211911871052,96.35833940276765
77.58321607777778,12.978633788888889,274.04158226469036,86.70793882010197
77.58320317,12.979177720000001,242.51322572956815,79.9890750182083
77.5748564586207,12.980622410031348,691.6806003813598,95.84850691915513
77.57685122857143,12.980761095714286,728.9321258729083,97.8150036416606
77.5752688673913,12.982283623913045,355.6589910119853,93.90021849963584
77.5763501076923,12.982809817948718,285.3863577114435,78.18645302257829
77.57806875535714,12.98059804107143,717.8311436914915,96.30371449380918
77.57927885000001,12.980503645454545,618.6426853508976,96.3401310997815
77.5775239,12.9827934,273.5241959837609,86.85360524399127
77.5748574,12.9834349,195.27908876397169,54.04224326292789
77.57680086981131,12.983410505660377,209.4938510968911,69.5375091041515
77.5746437076923,12.985496697802198,93.76268230422305,54.11507647487254
77.57796726003426,12.983947184719648,148.8414819708294,60.196649672250544
77.57921247083333,12.984025120833332,118.97419966810607,65.71376547705754
77.57839659999999,12.98466975,105.42083583939986,61.981063364894396
77.5791557,12.985320275,77.26035423707125,66.66059723233795
77.58018648,12.98047536,506.4035966422027,98.03350327749453
77.5813418,12.9821087,169.01943990844947,55.608157319737806
77.5805929875,12.9838951125,90.524813801899,30.17115804806992
77.58217470555556,12.984213194444443,47.535836680189085,31.59140568099053
77.5806893857143,12.985551628571429,53.42500052651805,61.17989803350328
77.58198934285714,12.984680871428571,44.17682456947838,44.50109249817917
77.5830873,12.984253266666665,33.12677487582912,20.68463219227968
77.5854135,12.9837508,17.902398211272207,11.08885651857247
77.58296175000001,12.9846387,31.44570577287778,31.646030589949014
77.58612,12.9651957,193.21612856352155,79.11507647487254
77.58586922151899,12.96570338101266,195.58121550395506,87.70939548434086
77.58719606666666,12.9663147,126.4663804003632,75.36416605972323
77.588337,12.9642798,93.37715854719642,60.17844136926438
77.5894644,12.9661696,64.57468956056051,71.30371449380918
77.58640047058825,12.967373535294119,125.74706361782991,55.33503277494537
77.58739657409099,12.96766385697518,95.2636208828619,69.41005098324837
77.58612233653847,12.968696467307693,92.82118153448332,55.62636562272396
77.587280575,12.96812345,88.14744268017652,67.86234522942462
77.58856679714285,12.967777867857144,72.97896447654865,65.09468317552805
77.59060304285715,12.967666699999999,49.05877037285879,68.8638018936635
77.58865424878049,12.96808296487805,68.60430030734935,62.76402039329935
77.59019164444445,12.9688988,47.88508294692664,67.26147123088128
77.5924751,12.9650206,31.980281574850807,54.52476329206119
77.5918967,12.966084,36.25754316153186,51.5659140568099
77.59283425,12.96582315,32.764196824520745,52.012017479970865
77.59542515,12.965807933333332,39.87202763895553,48.32483612527312
77.59160326666667,12.967818399999999,41.95192709196011,54.93445010924982
77.59269121034484,12.967795068965517,37.98858394411881,60.88856518572469
77.59206520666666,12.968132066666668,40.25733963713399,54.80699198834669
77.59234993333332,12.968114383333335,39.43042145627727,49.58120903131828
77.59432539019608,12.967237092156864,36.35619056569581,59.66860888565185
77.5947741,12.9689244,48.70870478231426,61.79898033503277
77.5864976,12.9694276,71.40326980584749,48.79825200291333
77.5871592875,12.96997775,55.63680329505769,45.04734158776402
77.5867736,12.9711923,46.12786182892676,36.56227239621268
77.586891,12.9710907,45.49039044164041,28.250182083029863
77.59070575,12.969400075,42.48312773125792,28.404952658412235
77.5867573,12.9724032,42.44453101549854,3.113619810633649
77.59172203913043,12.970133399999998,38.196309453634946,30.935906773488707
77.59236525,12.97049275,39.35389360708909,54.169701383831026
77.59219325,12.970762275,37.917736814792164,54.49745083758194
77.59293134444444,12.97123152962963,41.93109956058177,43.080844865258555
77.59429243157895,12.971615786842104,55.8880359125665,65.89584850691915
77.59589305238096,12.971426809523809,75.56034616359358,87.87327021121631
77.59361865,12.97234585,45.582045322553526,63.91114348142754
77.59389346129032,12.97232028064516,48.70299899180362,58.06627822286963
77.59616631428571,12.974238914285715,51.677304388571336,89.83976693372178
77.59702404444445,12.964993388888889,55.76732688425475,65.1128914785142
77.5974576,12.9654004125,52.465387582599654,53.641660597232345
77.59813968333333,12.965961058333335,47.95351334454269,48.34304442825928
77.5992132,12.9649964,56.079206747390224,50.619082301529495
77.6014997,12.9656736,34.39242308918734,43.672614712308814
77.59880611999999,12.966828340000001,44.30299028493346,32.46540422432629
77.59993970892857,12.967062100000001,41.37400444836465,46.70429715950473
77.60069981666668,12.967447616666666,39.86689812090377,64.23889293517844
77.600459,12.9690219,52.90282705330819,59.70502549162418
77.60144676285714,12.968643311428572,45.186750512694466,75.87399854333576
77.6025964,12.9643681,29.65978658013868,15.422432629278951
77.60379659111112,12.965033615555555,20.523048525787818,20.17479970866715
77.60246169999999,12.965626499999999,28.293806791705805,35.63364894391843
77.6041426,12.96575765,22.113639029803767,30.699198834668607
77.60533875,12.96482505,14.557243664797864,3.678077203204661
77.60638776666667,12.964421066666667,10.589286043031631,0.8011653313911145
77.60528722500001,12.9656392,19.616092079019648,18.536052439912602
77.6074091,12.9665765,27.162410966462776,26.74799708667152
77.60308135,12.967760525,37.12046441199942,69.13692643845593
77.6034589875,12.9670075875,31.22756910280858,65.85943190094683
77.60237470526316,12.968952657894738,45.9183146575523,70.88492352512746
77.60673770263168,12.967657931024645,43.58036277403091,68.51784413692644
77.60578266,12.96913528,64.59587236156781,82.10123816460306
77.60634980717161,12.969018423092948,64.6345804977205,77.31245447924253
77.59743628,12.96976038,73.99599310622295,83.33940276766205
77.59752665303293,12.971371402079722,85.20547660417199,77.96795338674436
77.59806985542168,12.971270853012049,84.34276819980329,87.10852148579752
77.59998820454545,12.970469727272727,67.10860151132944,86.10706482155864
77.60065755000001,12.970486333333334,61.06378041106347,56.66423889293518
77.60008538,12.970972960000001,67.5795340249415,50.81937363437727
77.60098084444445,12.971370844444444,59.21463508864461,35.961398397669335
77.59722211428571,12.97260877142857,77.34052467189493,79.09686817188638
77.59803864615384,12.972378984615384,79.1614540718361,79.7523670793882
77.59668729333333,12.974533053333335,50.628153160246,45.77567370721049
77.60014477647059,12.973099011764706,56.98829306621633,26.256372906045154
77.6011513,12.972436885714286,54.242883458710146,20.975965040058266
77.59937905555554,12.973953777777778,54.41202989202282,31.77348871085215
77.6011589,12.9738079,46.88675869430951,39.00218499635834
77.60275665,12.969679405555556,51.197503075791104,70.2476329206118
77.6046469,12.9709347,70.68945466272191,94.06409322651129
77.60568615714286,12.970101771428572,74.98746850520095,88.52876911871813
77.60670787215216,12.970057514944235,78.0653565077099,71.3401310997815
77.60548795,12.971179041304348,79.57861613621478,86.9810633648944
77.60678495345239,12.971341488067624,86.79569236563866,87.16314639475601
77.60313977777778,12.972977044444443,53.59380712582342,28.987618353969406
77.60295454999999,12.9744147,50.96512430194432,28.495994173343043
77.60401965555555,12.974554533333334,62.48366739821659,27.822286962855063
77.60554616666667,12.972402924999999,79.99994997966175,72.523670793882
77.60723643333333,12.972739941666667,88.70014668628104,73.87108521485798
77.60562485,12.9747448375,86.66779586920855,58.75819373634378
77.60681817818183,12.974429634545455,95.51532229689012,63.83831026948289
77.58614455,12.9761578,74.1371301657711,50.50983248361253
77.58754993333334,12.975516866666666,42.250564038822844,52.26693372177713
77.58586912000001,12.97699692,83.50514680466337,52.239621267297885
77.5875085,12.97656265,46.83157390935337,64.9672250546249
77.58856463333333,12.97523265,34.68360265816104,50.528040786598694
77.5905387,12.9759238,38.409087730060314,77.4217042971595
77.58893951216217,12.97686286554054,43.55615916401809,53.58703568827386
77.59036763055556,12.977333088888889,46.54783488416679,77.62199563000728
77.58792352500001,12.978226825,45.32883826110853,62.618353969410045
77.58567005,12.9799769,55.657140774836364,19.61034231609614
77.58756739642857,12.979537385714286,40.433872042400786,38.09176984705026
77.58843628571428,12.978317157142856,45.14541731909507,68.11726147123089
77.590722475,12.977957125,48.413527862458416,82.95702840495267
77.5884201,12.9803295,36.73216806120473,52.4217042971595
77.59073463333333,12.979280933333333,47.84762694754957,81.80990531682447
77.59120283398059,12.977352537864078,46.05243356194457,73.68900218499635
77.5916459825,12.9784851775,48.90984023808658,77.76766205389659
77.5925342,12.9777268,45.2491902440102,80.24399126001457
77.59165919777777,12.979524942222222,48.67596852035834,64.93080844865258
77.59276652957746,12.979873509859155,52.457445525934006,59.99635833940277
77.59472337142857,12.9799894,78.6713214232136,57.10123816460306
77.5859101,12.9803742,45.473390467864114,41.29643117261471
77.587775552,12.981090276,30.704180295520892,41.64238892935179
77.5867148,12.982337,22.618553684727804,39.821558630735616
77.587541425,12.982925250000001,20.149134562964566,41.71522214129643
77.58857122244667,12.981085910377853,32.40807613924575,37.436270939548436
77.59034963333333,12.980369666666666,42.01709743578692,67.37072104879826
77.58840226923077,12.982228246153845,25.0672156839197,37.58193736343773
77.58570248333334,12.983450266666667,18.390185947840816,3.3503277494537507
77.5875198875,12.983283475,18.72278450374175,13.128186453022577
77.58817624000001,12.98508464,18.50655385215316,16.15076474872542
77.5895717,12.9840133,20.560264509749608,25.80116533139111
77.58849979954542,12.985441056363635,20.772465823782728,6.5731973780043695
77.5896581,12.9858151,26.367856021470455,22.1959213401311
77.5918622,12.981060399999999,43.45067359591083,67.67115804806993
77.59330682325582,12.980529169767442,57.58658741431818,59.28623452294246
77.5941408122449,12.980752063265307,71.24871605482123,51.58412235979607
77.5955644,12.9816745,110.43489727530654,49.92716678805535
77.59449966666666,12.982046650000001,76.90328697146568,39.67589220684632
77.59554355454544,12.982605931818181,101.509358601453,39.020393299344505
77.59263125,12.9837427,34.15719152020232,39.493809176984705
77.59355592222222,12.985591866666667,35.97256710925422,30.6081573197378
77.5941623,12.9838007,52.8341925750998,36.61689730517116
77.5958456,12.9831573,101.97809893888989,12.946103423160963
77.59415918641974,12.98535342962963,40.92081317810566,20.87581937363438
77.59710030000001,12.9750223625,47.476453178269445,43.57246904588493
77.598603,12.97597515,50.69568403329034,34.46831755280408
77.59897688181819,12.976574436363636,59.51097661008849,27.34887108521486
77.59958649454546,12.975999114545454,52.32022798891998,25.546249089584848
77.60141478,12.97572834,52.1026732883652,31.828113619810633
77.5993174625,12.976376425,57.03383656953251,28.714493809176982
77.6013517,12.976597416666666,67.97264257603021,23.980335032774946
77.5964649,12.9785358,85.40364503027595,93.5360524399126
77.5990696,12.977830449999999,95.09409701450467,39.58485069191551
77.59882234,12.979891140000001,179.27657879344608,87.52731245447924
77.6007901,12.9778022,104.84926091240725,26.329206117989802
77.59953408,12.980018126666668,196.50718069261464,86.12527312454479
77.60107123750001,12.9795493375,199.95745680730016,74.54479242534596
77.602805035,12.975505265,58.35850671745355,36.87181354697742
77.60410989615384,12.975093221153847,68.89505933016234,26.96649672250546
77.6021644,12.9764591,71.02551282215248,40.82301529497451
77.60521572941177,12.975242623529411,89.42750098741118,46.39475600873998
77.60685411818181,12.975176736363636,112.86760522762047,80.64457392571013
77.6021442,12.9788542,184.18053563745138,85.32410779315369
77.60256953012048,12.979862032530121,275.2601376429869,80.97232337946103
77.60401968636363,12.980035484848486,398.1003868706798,80.29861616897304
77.60574873333333,12.978516866666666,371.2895498667684,89.67589220684631
77.60678945294117,12.978604447058824,470.91664697923426,85.74289876183539
77.6054983440678,12.979947855932204,549.4200489099368,84.61398397669338
77.60710619156909,12.9796664039032,691.5427602821047,86.92643845593591
77.597168825,12.980840773148147,162.47658143897922,86.96285506190823
77.5984822837086,12.981161271059602,206.7686117593459,82.9388201019665
77.59729159999999,12.982353280000002,165.7313075709718,88.74726875455208
77.59872006648936,12.982072245212766,218.36390939680692,84.4136926438456
77.59998025,12.981035349999999,243.6952260588732,94.46467589220686
77.60126662380952,12.98097090952381,284.5758631684281,80.20757465404225
77.59954251132075,12.982076901886792,246.99990967595994,89.22068463219229
77.60144205306122,12.98266791632653,346.9553138645162,86.67152221412965
77.59700765,12.9832036,138.56102644126827,67.71667880553532
77.59839726666667,12.983839066666667,170.5995995396709,61.85360524399126
77.59732986,12.985292179999998,94.58606071184448,17.170429715950473
77.59860126999999,12.985755990000001,122.41806954148734,61.944646758922076
77.59997217619048,12.984171423809524,234.3564665392003,77.64020393299344
77.60150787307693,12.984293815384616,328.2031968554651,94.57392571012382
77.5996039,12.98460895,200.40890666825126,64.74872541879097
77.60162892285715,12.984732447142857,317.67778824248813,86.01602330662782
77.60298010049533,12.980793002073979,375.1830975973164,74.6176256372906
77.60372261791045,12.980741957462687,436.3799858479759,89.34814275309542
77.6030404530303,12.982465874242424,468.25486575821213,93.64530225782957
77.60371517075471,12.982347273584907,529.0060827990709,88.67443554260743
77.60543952195123,12.981407160975609,691.1415440064494,93.71813546977423
77.6067300608716,12.981173501941292,845.0330887038011,88.07356154406409
77.605762159375,12.98206837578125,755.0875519998087,83.84923525127458
77.60666405210137,12.982295546044499,856.1349762747511,88.00072833211945
77.60288210307692,12.98427281553846,425.28838701304215,85.08739985433358
77.60357248029457,12.984028768715085,486.0049580954157,85.17844136926438
77.60241242608696,12.984547821739131,378.9612249478094,93.93663510560816
77.60355175000001,12.9846988125,437.7667217309175,90.96868171886379
77.6050658288372,12.98425263255814,557.9444770903893,95.64821558630736
77.60686100724638,12.983444033333333,766.8245469076967,94.33721777130371
77.60530785183947,12.98502390131389,470.62642783420756,84.57756737072106
77.60701440263158,12.985330331578947,446.0673549955402,77.98616168973052
77.56789785384616,12.987111184615385,14.268121384775903,21.376547705753822
77.56789247272728,12.98758929090909,15.426168781418768,14.530225782957029
77.5665479,12.9899456,13.177631052993561,29.9435542607429
77.5679723,12.989516,23.918367776077666,24.12600145666424
77.57234935,12.986675216666667,65.92425258727516,63.164603058994906
77.57439285308642,12.986891493827159,86.14086923132177,63.20101966496723
77.5723401707317,12.988200552439025,80.05276976290307,66.40568099053168
77.57425741157894,12.987622403157895,88.73130482904048,71.44938091769846
77.5716275,12.9896175,84.57051328828763,90.40422432629279
77.57160255,12.990818516666666,94.6176221482571,72.32337946103424
77.57251011566265,12.989625493975906,94.6625009792869,77.67662053896576
77.57366051042945,12.989508326993866,97.61330698246338,76.62053896576839
77.57244582378378,12.99047243135135,99.57876636323488,71.52221412964312
77.57436350285714,12.99008034857143,93.91251108958808,71.74981791697014
77.565152,12.9914904,13.551313823770958,14.64857975236708
77.5664698,12.9924594,27.800627178136793,19.847050254916244
77.56841515,12.992413366666668,54.72336080550973,45.447924253459576
77.5664342,12.993075,33.54428986235745,22.651128914785144
77.56813624838709,12.993339206451612,61.41774296995831,53.45957756737072
77.5635387,12.994081200000002,34.17627687009652,73.74362709395484
77.5658932,12.9948543,49.2212437087179,9.850691915513474
77.56392112105263,12.99636057368421,51.028213691220344,62.03568827385288
77.56583406,12.99653496,63.794471135736444,12.436270939548434
77.56743611666667,12.994507149999999,65.17754716116326,16.223597960670066
77.5665949,12.9967074,77.40917159969712,49.19883466860889
77.56844629583334,12.9965847125,124.26622287573882,58.539694100509834
77.57145517402597,12.991755345454544,100.88517839672355,68.918426802622
77.56996426153846,12.99321013076923,97.17713724198875,72.1959213401311
77.57140650838323,12.993650059880238,121.05915618832991,87.61835396941005
77.57267094375,12.9921971625,107.2347202471828,73.10633648943919
77.5741576,12.9915544,92.0078584373591,83.24836125273124
77.572439525,12.993197486538461,114.11224223287314,74.70866715222141
77.57395558490566,12.993412081132076,91.44737347794455,50.10924981791697
77.57145859574945,12.994758118120807,137.08159892259266,76.63874726875454
77.569753195,12.996686174999999,160.02678590599984,86.48943918426802
77.5713567722408,12.996057216722408,159.48030637101084,76.65695557174071
77.5718859,12.9942082,127.66071790441815,94.19155134741443
77.5737953,12.9947273,97.4267845763039,76.12891478514202
77.57190308518518,12.996377662962962,158.57138936361505,77.02112163146396
77.57354,12.9957717,110.11284659694294,90.33139111434815
77.57454362857142,12.986499550892857,86.30042651841312,67.18863801893663
77.57496175,12.987648816666665,88.16797787649084,77.07574654042243
77.5769452835443,12.988205902531645,71.2959611567817,45.9577567370721
77.5783257,12.9871339,64.75497859200351,69.68317552804079
77.5796355,12.98663520625,56.1933852112825,62.74581209031318
77.57772369375,12.987949970833334,64.71635184331201,48.25200291332848
77.5794976,12.987941033333334,47.93137266256578,53.09541150764748
77.57508986,12.988899907500002,88.61456733595594,68.33576110706481
77.57593351666667,12.988974325000001,79.31767582450098,64.11143481427531
77.5746562952381,12.990674252380952,88.5867358006281,68.46321922796795
77.57823803333334,12.989090246666667,50.324898213032995,57.41077931536781
77.57868155,12.989768999999999,39.55520761539174,59.33175528040786
77.5789078,12.990141399999999,34.03789066654849,59.33175528040786
77.58047625363636,12.986825285454545,46.499330828002265,50.29133284777859
77.5825223,12.9871862,27.04589330895764,60.160233066278224
77.58017064090909,12.987418269318182,45.6620786544222,49.59941733430444
77.582559465,12.987564805,25.95321096047915,56.80080116533139
77.582154175,12.9890574,23.165442311888,58.10269482884195
77.57491745483871,12.991788967741934,78.22266255413767,78.69628550619082
77.5770895375,12.9937028125,28.60674669737436,21.88638018936635
77.577518125,12.9938878,23.176387318442686,29.806991988346688
77.5769517,12.9956117,25.992287555057896,8.466860888565186
77.5779902,12.994564133333332,18.077397358345028,10.069191551347414
77.57873588,12.99493736,15.273924012675632,7.410779315367807
77.57956105,12.9958076,17.579210184193816,16.788055353241077
77.58496105,12.993689,74.2893311334289,61.2163146394756
77.5817048,12.9948165,26.022498060215284,51.65695557174072
77.58013198181818,12.996482654545456,21.880466908282028,40.93226511289148
77.5826283,12.9959283,39.55325802603955,76.17443554260743
77.58438886346823,12.995384216308594,58.88862699055073,76.238164603059
77.58370385,12.996419675,49.33567514237973,72.05025491624181
77.58448995218372,12.996361036380138,55.971202983383726,58.68536052439912
77.56564705,12.997924175,64.4972017410773,79.22432629278951
77.56443383333333,12.998709499999999,45.29202691893219,71.63146394756009
77.56747329999999,12.9968967,100.63749777398331,67.31609613983977
77.56838531503269,12.997338514379084,134.42292257155307,72.8150036416606
77.56851754516128,12.998803312903226,152.72339116194473,87.36343772760378
77.56404764999999,13.00047136,27.81028423822494,66.9155134741442
77.5636089,13.001719,17.633638066980026,12.126729788783685
77.56840255555556,13.000167877777777,146.55819514544038,81.86453022578296
77.56882929,13.001864584999998,150.74433595517817,67.9715950473416
77.56951857959183,12.997726553061224,173.16335730586985,91.40568099053168
77.57133556173468,12.997567796428573,184.41449983516011,79.00582665695556
77.56948905097492,12.998981988857938,183.56566218256566,85.85214857975237
77.57130310830051,12.999209988572204,195.78186166281694,83.77640203932994
77.572739775,12.99689515,145.02320490987444,73.4340859431901
77.57351385000001,12.997277700000001,121.41830722075443,58.44865258557902
77.572165052,12.999292836,176.3223603069998,83.99490167516387
77.57326712,12.99883906,136.67731244177227,75.12745812090313
77.56944045748503,13.000152628143711,179.34886529564776,81.35469774217043
77.5713279939834,13.000090759958505,190.73478137727287,83.63073561544064
77.56944636233767,13.001707277922078,167.47273949966444,78.6598689002185
77.57119582921811,13.001444534156379,178.48988492592088,84.99635833940276
77.57231722727273,13.00005298181818,166.96204680717383,91.16897305171157
77.5738207,13.000329650000001,106.79475003667085,89.54843408594319
77.5721671,13.001377566666667,158.15366203948273,94.37363437727603
77.56832885,13.00263295,135.70397089828893,83.81281864530226
77.568430875,13.004329225,161.1107937789425,86.72614712308813
77.56437576666667,13.005916866666666,32.44294689815959,9.996358339402768
77.565116,13.005905471428573,48.63518091483234,13.03714493809177
77.5640734909091,13.007212381818182,26.899442724490694,19.93809176984705
77.56580151666667,13.006782133333333,68.93148110660293,67.04297159504733
77.56663074000001,13.00561094,100.14163806145802,76.67516387472688
77.56869693476297,13.005544465688489,192.54938817265503,80.01638747268754
77.56814855333333,13.006869233333333,172.8854387040385,88.76547705753823
77.56933686153846,13.002955596153846,167.3641403255771,65.31318281136198
77.57125813243243,13.003050232432432,176.6375113054519,65.96868171886379
77.56933661111111,13.004292133333333,189.53510546723388,82.0830298616169
77.57119353644067,13.004371875423729,201.3620515720184,77.43991260014566
77.5721299,13.0034188,160.62377573359748,94.84705025491624
77.57210560000001,13.00386964,168.41111503565105,80.6991988346686
77.56943844129214,13.005517541573035,217.60287358288844,83.92206846321922
77.57110665365855,13.005869354268292,234.63399127713572,84.06773488710853
77.56931313,13.006962609999999,220.5634783106001,88.7836853605244
77.5711609462039,13.007310747505423,232.6283228155296,85.43335761107065
77.5720456,13.005499366666667,203.62326160207485,93.69992716678806
77.5752096,12.9969158,61.07922138009155,0.1820830298616169
77.575268675,12.9989241,59.833405105298766,16.970138383102697
77.5750519,13.0002053,62.31343541008745,15.149308084486526
77.5784754,13.0012591,11.283829773823996,40.87764020393299
77.58075417272727,12.997237722727272,27.133392018014117,49.45375091041515
77.58144490526315,12.998026594736842,31.12971648769729,55.808448652585575
77.58187530105263,12.998411255789472,32.28585138601135,51.63874726875455
77.58341970465116,12.997232788372093,45.165656775561764,78.27749453750911
77.58441647291666,12.997249408333333,49.37925167833773,64.83976693372178
77.58374557391303,12.999306347826087,30.491256875258703,77.23962126729789
77.58431999999999,12.99859205,36.99852457787936,73.21558630735615
77.58379125,13.000038,23.803365121063507,74.08958485069192
77.5784732,13.0023708,11.329466108058428,49.86343772760379
77.5783291,13.004012,15.785259326704786,68.69992716678806
77.5786416,13.0047711,18.12168646760783,66.69701383831027
77.5767369,13.0061955,33.749868099364214,49.836125273124544
77.57918221666667,13.006093266666667,21.494667995899672,70.9577567370721
77.57837005454546,13.007300045454544,22.903130508236092,59.59577567370721
77.57898524594594,13.006941118918919,22.340943527114927,69.35542607428987
77.581062225,13.00489555,16.480281771234004,54.315367807720314
77.58183745,13.004616200000001,14.216458179730406,39.22068463219228
77.5839112,13.0028529,8.893748912079078,27.03932993445011
77.58422325000001,13.003108600000001,7.906740184749283,16.132556445739258
77.58375675,13.00407305,8.630422215005941,49.107793153678074
77.58064680192308,13.005642275000001,19.085149733508366,60.37873270211216
77.5802165,13.0066232,21.161124430923316,74.87254187909687
77.583849,13.0061707,9.748208978872299,49.67225054624909
77.5835778,13.006772575,10.987020039131355,40.258557902403496
77.5841507,13.0065393,8.92180378584777,43.39038601602331
77.58813065000001,12.98588,22.46689002700206,10.396941005098324
77.58891840352942,12.98609548868911,26.986588032889298,6.79169701383831
77.58888809999999,12.988026475,62.84055095004008,30.899490167516387
77.5909359,12.9872505,46.403084724038095,52.43991260014567
77.58606955,12.991027975,93.77175027903024,82.86598689002184
77.5878809,12.9905673,134.89678460019616,96.74071376547705
77.58881053333333,12.9890779,95.57612355393607,90.24034959941733
77.58855562551254,12.99119085831435,162.56160997468723,85.99781500364166
77.5917352,12.986480866666668,35.55733277892869,51.60233066278222
77.5929318,12.9858531,33.48156974861356,34.48652585579024
77.59152380153846,12.988067083076924,58.797206477110365,41.569555717407134
77.59470994444445,12.9864035,41.75264271227311,24.198834668608885
77.59414761666666,12.988104133333332,44.14578597770646,40.89584850691915
77.595761,12.9880738,48.19701825867758,41.533139111434814
77.59210513921569,12.988790670588235,66.35575395898454,45.28404952658413
77.59265898502167,12.989247237365513,65.79924968616287,45.2476329206118
77.59319895833333,12.990415933333333,68.17649604538364,52.34887108521485
77.594190575,12.989212425,49.349879530715654,47.21412964311726
77.59456966,12.990513960000001,49.51577528119384,39.32993445010925
77.5964022,12.9908485,45.77162986802775,27.785870356882736
77.5881802,12.9917648,168.65473440141778,92.35251274581209
77.5858509,12.9939697,99.39719149021825,61.380189366351054
77.58795643333333,12.993323233333333,165.87819475835224,91.442097596504
77.58856059536636,12.991678290650386,172.4804018350634,84.59577567370721
77.5900563659864,12.99193038095238,167.4690577259019,85.39694100509833
77.58909149436863,12.993606128153523,169.83143372456328,83.10269482884195
77.59009745833333,12.99327205,162.32256705490963,78.95120174799709
77.58926753919414,12.994287771794873,151.68628103154842,74.38091769847051
77.58977335,12.994827199295775,128.8960515668988,74.65404224326294
77.5891603,12.995754260000002,102.38272616467667,80.55353241077931
77.59198844,12.9922937,109.57950078891334,52.949745083758195
77.59243036666668,12.992549766666665,93.74166813795223,56.97378004369993
77.59118902857143,12.993216742857143,131.43770335785618,80.93590677348871
77.5944175328125,12.9918929390625,48.260637467890106,20.81209031318281
77.5951298,12.9926886,35.8521115726161,35.506190823015295
77.59467244999999,12.9937279,33.19303968948454,26.16533139111435
77.59573672692308,12.993354165384615,26.905204920078223,23.0517115804807
77.59099105000001,12.99515805,93.99223002584131,84.52294246176257
77.594529,12.994257375,30.78714587933806,22.159504734158777
77.5954317,12.9942533,22.268325172370538,36.23452294246176
77.59598506666667,12.996023966666668,10.885752834489747,16.47851420247633
77.5982298,12.986484428571428,96.42143164127395,72.01383831026948
77.59865604152543,12.988300290677966,85.28493274582848,64.76693372177714
77.60187823,12.986490409999998,224.77125433141958,86.76256372906045
77.6019233,12.987394999999998,170.94279412285783,63.729060451565914
77.59725013333333,12.989564666666666,59.662359426384974,74.36270939548434
77.59896191554054,12.98899416722973,83.02964366157879,67.33430444282592
77.5991303,12.9901638,71.1173927394665,82.06482155863074
77.59926511780822,12.989554061643837,79.66679078806945,72.23233794610341
77.6017472421875,12.98973990625,81.30552225650639,57.13765477057539
77.59969597272728,12.990473584090909,69.07618390848216,74.69045884923526
77.6008759875,12.990580491666668,67.17770876838118,81.68244719592134
77.6020835,12.9866236,222.7164557017414,68.31755280407866
77.60440391428571,12.986594542857144,266.2946382661159,74.78150036416606
77.60241567931034,12.988070872413793,140.49378700956007,36.52585579024035
77.60383420427256,12.98763612533607,171.76566579996432,38.10997815003642
77.60489350714286,12.986154345238095,317.88794600497755,86.3619810633649
77.60223010892857,12.98934652857143,90.03413104378872,46.12163146394756
77.6038433,12.989806759999999,67.2608970472721,48.68900218499636
77.6026839,12.98999221111111,70.6096500064157,50.20029133284778
77.60378937647059,12.990397129411765,54.404767487979,47.59650400582666
77.6054589,12.9897908,56.0129019001372,58.976693372177714
77.60530308421052,12.990739931578947,40.96709844832748,46.43117261471231
77.6070482,12.990955081818184,36.12794849927488,66.29643117261472
77.5985953,12.9926555,33.99016541356816,56.00873998543335
77.5986548,12.9929956,29.687315228085517,45.466132556445736
77.6002062,12.991464463636364,53.4273695824273,78.07720320466133
77.5965584,12.9943789,16.77178774155286,15.568099053168243
77.601795925,12.9954284,9.911821272846495,5.371449380917698
77.5996556,12.9956094,8.772919972731982,5.080116533139111
77.60169406,12.99554898,9.395439477584462,4.588492352512746
77.60450362941177,12.99201158235294,31.4714627833674,30.80844865258558
77.605116225,12.991683758333332,33.08518826857615,53.25928623452294
77.60718902857143,12.9917683,35.06859583651284,64.36635105608157
77.60545103333334,12.993395900000001,26.79054416894097,52.14857975236708
77.60697891111111,12.993339255555556,35.992312937351976,53.51420247632921
77.60270645,12.995204975,11.738846873400629,13.201019664967225
77.60352876666667,12.994998566666666,14.168038579404229,17.953386744355427
77.60701351,12.995031979999998,37.05118016561024,47.72396212672979
77.60696225000001,12.996014075,35.18819300662361,36.78077203204661
77.5862331,12.9968405,62.28091523279676,71.92279679533867
77.5956895117647,13.000310452941177,12.777603267671594,38.00072833211945
77.59468423125,13.00143235625,13.396937846508429,38.69264384559359
77.59556258166667,13.001449101666667,13.888653137146278,32.738528769118716
77.5935168,13.00459672,13.603403922169512,51.4748725418791
77.59410375,13.003381175,13.909802056261672,55.24399126001457
77.59632273333334,13.003115533333334,12.546469213952081,29.369992716678805
77.59432225217391,13.004586830434782,13.822607831560138,40.695557174071375
77.5954296,13.0041032,13.098654921239392,40.56809905316825
77.59320436888889,13.005961346666666,12.80160245429194,37.34522942461763
77.59213696666667,13.0075482,9.86279442425907,34.83248361252731
77.59259079310344,13.007005337931034,11.132490139350482,34.12235979606701
77.59443060000001,13.005177633333332,13.318233747663262,37.67297887836853
77.59384946666667,13.007424283333334,10.493760561704217,41.60597232337946
77.59716724375,12.9995136375,10.74236934055667,32.08302986161689
77.600271625,12.999066825,5.431594147556158,8.339402767662053
77.59661825384616,12.999667492307692,11.520752567267534,36.50764748725418
77.59970338000001,13.00025406,6.415340887886698,28.605243991260014
77.59943748333333,13.001401549999999,6.581574202580319,6.500364166059723
77.604624,12.9981189,10.745203382605165,14.976329206117988
77.60518289411765,12.997737252941178,14.585279870562845,2.530954115076475
77.60640852,12.998059399999999,23.866178315430336,3.6234522942461758
77.6051058,12.9985359,12.36169041716974,6.136198106336489
77.606721675,12.998760425,25.29400832258837,2.112163146394756
77.59723021666666,13.002896383333335,10.729880736119869,28.31391114348143
77.5989304,13.0024607,6.845548713020831,31.190823015294978
77.5988627,13.0045392,4.339724472167649,19.956300072833212
77.6101633,12.9199617,11.613573526768413,51.94828841951931
77.61041857368421,12.920144944736842,11.929828446514454,51.54770575382375
77.6104985,12.922208372,17.492876444086583,76.36562272396212
77.60977896153847,12.923503338461538,23.247613812315457,87.07210487982519
77.60930533888889,12.924396322222222,27.79653175370157,93.8638018936635
77.6146403,12.9236314,15.42097619261182,57.48361252731245
77.61837019999999,12.9239982,38.050371980781485,78.00436999271668
77.61815207865169,12.924633548314606,39.104146512991754,65.79570284049527
77.60874926428572,12.925711660714285,35.05014793902282,95.63000728332119
77.60890562391305,12.926325269565217,39.231594302068935,98.23379461034231
77.60909851666666,12.927441014583332,46.86557095509944,94.13692643845593
77.609376775,12.928960570000001,56.23461185725899,94.44646758922069
77.6082604,12.930902599999998,63.48008290262092,85.76110706482156
77.60969704000001,12.930364320909092,60.58362264278716,92.42534595775673
77.612721,12.9302655,38.099816009883554,94.10050983248361
77.615534525,12.92615445,23.178347370199017,65.05826656955573
77.61684805,12.9263934,30.413926605758537,71.61325564457393
77.61757854594595,12.925932808108108,35.796901574131624,75.30954115076474
77.616286713382,12.927049804947918,25.18827857125499,53.40495265841224
77.6150602,12.9293289,21.678087498921688,25.946831755280407
77.6138883,12.9303438,32.09698562989725,33.9857975236708
77.61490897499999,12.93017605,26.91609015478916,35.56081573197378
77.6165797,12.929236075,20.33889533189444,12.982520029133285
77.617882975,12.928923075,20.820321487431173,23.92571012381646
77.62084671516723,12.920359241264725,23.661731788232757,63.85651857246904
77.619205306,12.92250410693848,32.54136505474462,65.93226511289147
77.62026236955532,12.92173846338339,29.520875505048846,70.37509104151492
77.6216005,12.9199754,21.657565045436687,66.55134741442097
77.62233177933155,12.92238927900261,24.598759742325875,63.69264384559359
77.62271744166667,12.922571249999999,22.461193377260642,52.75855790240349
77.61899258333334,12.923085044444443,35.377656982287846,63.03714493809177
77.6188667343827,12.924897202978645,41.145491806515416,73.47050254916242
77.6200289125,12.925357287499999,38.403953517148345,64.51201747997086
77.6223282,12.9230268,25.080324181015257,58.430444282592866
77.62294699285714,12.92276,21.084717771135665,62.60014566642389
77.6283993,12.9221634,2.9948350119720013,36.30735615440641
77.6269183,12.9238426,4.065113290898328,25.254916241806264
77.62873350776367,12.924349654734803,4.757883706640139,49.34450109249818
77.61911070775194,12.92579333643411,39.54663413793443,71.59504734158776
77.6199544347826,12.925676804347827,37.74429288365713,73.59796067006556
77.62068383333333,12.927084295833334,26.361146271815176,61.59868900218499
77.62142739,12.92746772,19.925755876863917,70.99417334304444
77.61923850000001,12.92837342,22.578391389451944,49.399126001456665
77.62664,12.9254417,3.9001572886399143,18.135469774217043
77.624658325,12.930547075,6.47119480496752,13.182811361981065
77.627941,12.9304126,15.873676357211899,56.71886380189366
77.62922726666666,12.9300802,24.359929562091903,79.62490895848508
77.60819927777777,12.93103462222222,63.321295059619565,82.73852876911872
77.60989655576924,12.931255909615384,60.87879533030238,91.49672250546249
77.6099008,12.933159466666666,59.66795038465719,85.83394027676621
77.6104601,12.931010952941177,57.74281054108356,92.49817916970139
77.61288189999999,12.93346245,69.98912926332075,72.15950473415877
77.60967962,12.93468666,55.82706958605717,80.86307356154407
77.60797248266667,12.935633162666667,46.302012822925555,92.40713765477058
77.6090314631579,12.935367605263158,50.65874498866763,88.87472687545521
77.61249856555555,12.934394476666666,74.6442634831811,79.67953386744355
77.61147931818182,12.93570649090909,63.85387355048823,65.44064093226511
77.61164497,12.935551294,66.23811287266,68.48142753095412
77.61379821111112,12.931774459259259,48.75530207893109,36.63510560815732
77.61339166739131,12.932939384782609,65.49707101014863,60.579024034959936
77.61520929,12.93333927,74.92158196006245,68.80917698470502
77.6158167,12.9336296,78.71187756300242,85.87035688273853
77.61820866666666,12.933631499999999,54.00091332671313,58.175528040786595
77.6134632,12.93481288611111,86.21069114485742,80.58994901675163
77.61389945434782,12.935156747826086,91.8148127349093,79.8980335032775
77.61531700066007,12.935824235973596,100.11983926705143,88.12818645302258
77.61633629738562,12.934426855555555,88.47941357856664,77.84049526584123
77.61611609270834,12.936127080729166,96.86320791708128,81.28186453022577
77.6172072943662,12.936251674647886,85.36598975024289,84.28623452294246
77.6084767,12.9374767,35.07963380289605,89.95812090313183
77.6100672,12.9383158,30.70451622923523,60.77931536780772
77.6107692,12.937225784375,45.06820819582956,46.01238164603059
77.61047774,12.937875299999998,36.60798814032906,54.64311726147123
77.60935329696969,12.939981112121213,16.732732158091178,19.42825928623452
77.60859414285714,12.941368685714284,11.00486191603188,32.77494537509104
77.6089661,12.94088758,12.498180404436443,28.058994901675167
77.6125343,12.9418031,7.879775642256352,18.681718863801894
77.614688525,12.936410275,93.50210030848449,92.13401310997816
77.61656810000001,12.936451516666665,91.01389272408855,89.60305899490167
77.61758216818181,12.936676168181817,76.79385287298119,97.83321194464676
77.6176442,12.9379101,59.87280939410117,88.14639475600873
77.614233,12.9401336,24.476873647373253,0.9104151493080845
77.6146781,12.9408673,16.668799588369616,8.885651857246904
77.617966,12.9392881,36.61140112926008,69.66496722505462
77.6200789,12.933608,29.705531238616917,17.03386744355426
77.62311387083334,12.931494137500001,8.60598951940476,8.539694100509832
77.62151920000001,12.933468433333333,17.63672923206536,12.381646030589948
77.6229772625,12.933274191666667,11.96786187256698,8.576110706482156
77.61925942857144,12.9337302,40.52857750357371,52.36707938820102
77.62006861428571,12.933769442857143,30.923446973170467,10.77931536780772
77.62086685,12.936377199999999,29.48336622859149,28.040786598689003
77.62328483888888,12.934551716666668,13.496751254082183,14.11143481427531
77.62187174285714,12.935745264285714,20.808417715873684,24.35360524399126
77.622921275,12.93517345,15.270873192040462,13.710852148579752
77.623929,12.9309323,7.1929497921097365,16.669701383831026
77.6240412,12.93345935,10.910608336075615,22.06846321922797
77.6270019,12.9336203,17.37766906774928,21.067006554989078
77.625133375,12.93615735,14.438215069266185,33.594319009468315
77.629230225,12.934814525,28.307745821273194,67.93517844136926
77.6278951,12.9362957,18.398005108193185,36.39839766933722
77.62849111111112,12.935596766666666,21.867627359743754,34.777858703568825
77.61887623529412,12.937249682352942,52.29078930061905,57.04661325564457
77.62025669090909,12.936777754545455,35.83369167873686,47.25054624908959
77.61884255,12.938360410000001,41.85307524424294,56.682447195921334
77.62135861052631,12.938106747368423,23.155706349402784,41.132556445739255
77.61949507333334,12.939588093333333,26.76384101398314,53.040786598689
77.62001555416667,12.940187162500001,21.926020880678042,59.46831755280408
77.62045847222223,12.940816294444444,18.99609667887791,45.33867443554261
77.6237757,12.9403798,15.30383062019816,46.176256372906046
77.62167155714285,12.941694692857142,16.26604532431289,44.73780043699927
77.62351028,12.94175616,13.935959090391323,29.861616897305172
77.62660905,12.93759235,15.464614695304235,42.279679533867444
77.62605540555555,12.938496872222222,14.616573888086574,33.52148579752367
77.62710898114942,12.937158265287357,16.098997199298367,31.35469774217043
77.62752335518599,12.938119746819368,14.234101967540127,37.60014566642389
77.62512858333334,12.9402854,13.272371267910971,20.429715950473415
77.62556616538461,12.939636326923077,13.584691960970686,38.36489439184268
77.62461695555555,12.940733288888888,13.4966976470537,18.463219227967954
77.627165,12.9411733,7.696345836046707,12.745812090313184
77.6294078,12.9243145,6.031112829921268,58.139111434814275
77.63313517878787,12.925036863636363,18.692434362639805,59.95994173343044
77.634126971875,12.925138671875,18.947545546735583,53.55061908230153
77.6381125375,12.9206147375,5.300131021025484,5.790240349599418
77.63873867142857,12.922059614285715,4.3775660120528554,0.3277494537509104
77.6390659,12.9222337,4.122374585485134,4.160597232337946
77.63493395,12.925229649999999,17.501725524622966,55.93590677348871
77.6367863,12.9253799,10.771111448030851,42.152221412964316
77.63968009999999,12.92387716,3.3346366078472376,4.770575382374362
77.6386517,12.9242967,4.7747442014042285,3.2501820830298613
77.6390217,12.92418,4.128756700275467,3.2501820830298613
77.63342296451613,12.926199132258064,22.39259186724866,49.016751638747266
77.63355277142857,12.925546842857143,20.53714516658385,58.521485797523674
77.6333002,12.927558973333333,26.675657425113844,64.40276766205389
77.6316742,12.9294394,36.44432368254259,64.12964311726147
77.629865975,12.929922225,28.75066235816813,74.56300072833211
77.63265681333334,12.92925778,36.45540931267986,64.14785142024763
77.63304056904762,12.930374845238097,42.73599843549472,72.97887836853604
77.63398108,12.930136540000001,35.825671245761335,72.26875455207575
77.63753185,12.925623900000001,8.021803730310706,33.75819373634377
77.6421967,12.921365,4.386250141764011,15.51347414420976
77.64508198125,12.920813387499999,6.233210063830062,14.184268026219957
77.64512593333333,12.9217815,5.499699193835514,23.871085214857978
77.6513525,12.9226494,9.880487359049113,48.41587764020393
77.6497878,12.9236628,8.145155968240104,44.13692643845594
77.64989536666667,12.924411953333333,7.323156650502299,32.53823743627094
77.65044824285714,12.924473828571427,7.663748062202244,35.36052439912601
77.63195738829788,12.93210319680851,50.97130368517754,74.10779315367807
77.63055419047619,12.933529457142857,42.75259591913886,71.74981791697014
77.63142425019763,12.932713416600789,49.518991287693446,70.8667152221413
77.63248754056605,12.931627178301886,49.64681884202605,81.09978150036416
77.63442955,12.931834649999999,34.20917534894411,78.96941005098324
77.63225335,12.9328425,48.28572000403007,82.77494537509105
77.630177375,12.934044775,37.716192403836395,62.36343772760379
77.6309129,12.93413405,39.589791172697225,73.16096139839767
77.6301672,12.9351104,29.639438969564903,67.88055353241079
77.63201955,12.93852905,5.959990290457853,1.110706482155863
77.63258128333334,12.938562733333333,5.02132128449393,9.522942461762565
77.632093625,12.93959155,3.5887889041957854,2.5764748725418793
77.6312983,12.9416483,1.896292465672544,7.447195921340131
77.632186325,12.9394621,3.6984047862427194,2.5764748725418793
77.6079301,12.9427833,8.260550904174394,32.02840495265841
77.60774036470588,12.943741635294119,7.076418484962163,34.18608885651857
77.60910075000001,12.943873400000001,6.29002093988709,42.11580480699199
77.6128805,12.9422845,6.051765768961806,20.939548434085946
77.61477719999999,12.942278,6.882929863854325,6.6278222869628545
77.6183691,12.945584000000002,4.217764221364618,6.737072104879825
77.607635555,12.95146763,10.950749204510718,31.44573925710124
77.60789226410256,12.951703053846153,10.640703868956953,32.57465404224326
77.6095593,12.951764459999998,7.891607950301961,32.283321194464676
77.6111174,12.9515857,4.645894744170911,38.58339402767662
77.61198575,12.9523014,3.0171763135894594,31.263656227239622
77.62082565714286,12.944087385714285,9.735801851368498,31.57319737800437
77.62223871860465,12.942294227906977,14.567289250812095,36.8353969410051
77.62286200909091,12.942369795454546,13.70645971745816,23.088128186453023
77.62159188000001,12.94341966,11.855095297535483,31.063364894391842
77.623702,12.9439625,8.32558864121048,31.509468317552802
77.6188080909091,12.945717172727273,4.466087096699213,2.895120174799709
77.62002156,12.944911200000002,7.049744054506979,33.885651857246906
77.618671,12.9460601,3.8931870537106152,11.908230152949745
77.6242457,12.9433982,8.80746837845542,29.533867443554264
77.6286689,12.9469517,1.002905124110057,4.806991988346685
77.61959335,12.94787985,2.519122778852423,5.808448652585579
77.6200521,12.9489086,2.123874951286518,10.624544792425345
77.6221799,12.9479012,2.5284779459117224,6.6278222869628545
77.6228042,12.9475365,2.601563918956574,6.6278222869628545
77.6192891,12.9528465,2.0764601303599406,3.5688273852876913
77.62037802500001,12.952245475,2.430721468140631,4.998179169701384
77.621268,12.9514557,2.5059352459978443,15.923160961398397
77.62300295,12.951014449999999,2.3761173780818696,19.646758922068464
77.6214068,12.9515109,2.5317154227782086,15.29497450837582
77.6264408,12.9497413,1.4108149091561994,15.586307356154405
77.6279983,12.9479839,1.11931755959633,9.413692643845593
77.62820205,12.94765515,1.0843998490640794,6.081573197378004
77.62725375,12.94909945,1.2433772610026388,6.482155863073562
77.6246344,12.9505367,1.9198343795297566,19.355426074289873
77.61211685,12.9541534,1.9418855415709941,24.717771303714496
77.6181262,12.953358,1.5965143075304233,0.9832483612527313
77.6161758,12.9543085,1.004472510687609,0.8557902403495995
77.61545572,12.96094138,6.15243600091485,22.933357611070647
77.61511267777777,12.961822705555555,6.758682685545941,27.312454479242536
77.6147841,12.962634,6.756448127022057,30.844865258557903
77.61575995,12.961509575000001,6.456340098325678,23.689002184996358
77.6191109,12.9529196,2.0048396285640235,3.5688273852876913
77.62261110000001,12.954245433333334,2.3148590391792996,10.88856518572469
77.62232724,12.95432562,2.344801770581345,14.43918426802622
77.62265190000001,12.95429375,2.2908398537049433,13.929351784413694
77.62099186,12.95641478,1.5827887033164387,0.8739985433357611
77.63034,12.94371,1.0764069381728956,6.773488710852149
77.6298733,12.94474,0.9199040302566756,9.213401310997815
77.63865095,12.9437353,0.2203782331653049,3.2774945375091042
77.63945854,12.94963196,1.7832174524230038,4.934450109249818
77.63962375,12.951048799999999,2.7741557852956156,12.527312454479242
77.640072,12.95204830909091,3.687807191343786,5.71740713765477
77.6408299,12.948159,1.0228155356254813,16.423889293517842
77.64045796666666,12.952442300000001,4.167118140791144,10.797523670793883
77.6494233,12.94742,0.16634736962581215,5.9450109249817915
77.6398969,12.9562708,11.142933307895225,19.819737800436997
77.6339121768686,12.961520283109305,12.045026675573805,49.94537509104152
77.6360605625,12.96103833125,21.72643259419425,50.94683175528041
77.6369856882353,12.960925721568628,25.38049294456052,48.6707938820102
77.63840895,12.959247983333332,22.715999519552387,41.66059723233795
77.63847362758621,12.960597572413793,30.234181828318864,42.58922068463219
77.63956406,12.960638549999999,35.98219486460682,50.05462490895849
77.63549328518519,12.961397657407407,19.48165551156815,55.753823743627095
77.63681699322035,12.961344423728814,25.452712429981958,45.55717407137655
77.6371857,12.9627815,27.479104367374752,66.6788055353241
77.63823336666667,12.961660799999999,32.69085512245029,62.05389657683904
77.64081161111112,12.953516244444444,5.594015545618517,8.52148579752367
77.64127369,12.95469445,8.761808198539295,12.053896576839039
77.64147177857144,12.9562013,16.6966917025835,32.30152949745084
77.641540875,12.957386958333332,26.42603468797073,39.42097596504006
77.64383090909091,12.957555918181818,48.641931748978685,81.44573925710124
77.64503979,12.958003822,65.3714538045103,74.74508375819373
77.6485334,12.95532205,21.87386676667677,80.9905316824472
77.64857835000001,12.95619115,34.34206146069023,82.33794610342316
77.6488293375,12.956545375000001,39.21057509837289,82.01019664967225
77.6493337,12.957965616666668,58.64523721762985,83.06627822286963
77.6413646,12.9597072,44.43164802829056,70.90313182811362
77.6413184375,12.96030015,47.65221133641417,64.00218499635834
77.6425864857248,12.960343990672026,60.77374386888847,71.84996358339403
77.64558834966887,12.959075733774835,82.06561319740453,75.05462490895849
77.64400767172819,12.960283317995806,74.61165595777229,87.65477057538237
77.64509999377177,12.9601441013513,82.6490802594824,76.31099781500365
77.642686,12.961418,62.69155738710192,86.41660597232338
77.64150763941606,12.963498216788322,58.37369149348124,74.2352512745812
77.64179680000001,12.96313925,58.48303738993107,71.70429715950473
77.64552299494628,12.961382131519958,74.7081908440585,95.13838310269482
77.64597474444444,12.959676577777778,86.52535465012964,77.91332847778587
77.64841353076923,12.9595409,80.24930760787647,82.82957028404952
77.64630508285363,12.959961398693906,87.1267885871457,75.96504005826657
77.6477923514131,12.959997803710396,84.02126483132605,89.0203932993445
77.64913699227155,12.95942030589855,73.50125495407843,90.78659868900219
77.65008350950704,12.95956261689217,63.00790490968186,92.46176256372905
77.64916171454487,12.960249420793144,72.31367501282404,90.22214129643118
77.6501435,12.9604334,60.12737337388319,90.31318281136198
77.6462236,12.9620512,64.9076662108854,87.98252002913328
77.64913523318512,12.962150270554122,51.270477552433704,76.76620538965769
77.6514359,12.92232976,10.004621384388651,36.54406409322652
77.65154083,12.923140826666666,9.518490851614265,37.454479242534596
77.65498543937011,12.923656085870325,4.106510143474066,24.763292061179897
77.6566549,12.9230219,2.0624084857934677,30.954115076474874
77.66219593584538,12.921442120581112,9.005676096130621,47.76948288419519
77.66461694151563,12.920918865506414,19.4462018867293,52.494537509104156
77.66429863333333,12.921395600000002,18.057327803512578,53.678077203204666
77.66541543456832,12.92075905429817,21.851384489415803,44.93809176984705
77.66698753333334,12.92116113888889,23.756317683974537,58.26656955571741
77.66566621199999,12.921465116,22.09859404669257,44.75600873998543
77.66729459781153,12.921600651113302,23.11755878128193,48.2884195193008
77.66563315,12.923296700000002,15.753102169100396,62.25418790968682
77.6676018,12.9229299,18.923183159643653,34.99635833940277
77.668561403125,12.922150984375,21.09577703987904,34.92352512745812
77.66964496,12.92250338,19.771223629412525,31.37290604515659
77.67111,12.9226,20.278799658336553,47.76948288419519
77.67001936818181,12.923130654545453,18.695125075656836,27.49453750910415
77.66963443333333,12.925135566666667,13.100375549431199,21.704297159504733
77.67107022631579,12.923146305263158,20.12405641909816,39.63947560087399
77.67270035909091,12.92386621818182,27.266550797686058,46.267297887836854
77.67306363272728,12.924220903567834,30.893441039939077,39.785142024763296
77.66976257272728,12.926187745454543,10.420254363588228,20.15659140568099
77.6698301,12.927109677777777,8.040642834268414,29.73415877640204
77.671065,12.9273633,11.888034020804847,46.977421704297164
77.67563182,12.92261872,30.798371025143936,46.77713037144938
77.67403347368422,12.923319610526315,32.047057030865595,52.07574654042243
77.67577461666667,12.923575283333333,44.4590604582363,80.04369992716678
77.67382653738258,12.92449176198137,38.688459888454894,51.52949745083758
77.67571874130435,12.92518570652174,65.65643476196263,74.01675163874727
77.67611313333333,12.925358033333334,72.27683305576551,84.48652585579023
77.6759183054054,12.925733037837839,73.06159186684957,84.15877640203932
77.67659592442519,12.92605583850692,84.71818283419914,82.48361252731246
77.67827192383653,12.926667290040466,106.19448697856973,81.70975965040058
77.676540175,12.926982225,85.42081446706614,82.50182083029861
77.67831849821428,12.927040014285714,107.56918304063504,87.01747997086672
77.6768155,12.9287104,70.17795975826711,87.2177713037145
77.6785651,12.9303654,56.21473473132181,89.27530954115076
77.67900046,12.926770300000001,109.7101716909379,87.27239621267297
77.67948709614016,12.927284310750956,111.73551829224307,76.72978878368536
77.68059810154794,12.927569407703045,108.59068344060965,76.47487254187911
77.6818018,12.927817115384615,103.20911086173275,90.60451565914057
77.67964247083334,12.92839588888889,104.78665451857567,77.25782957028406
77.6811013662738,12.928404610174736,105.98091508404316,84.70502549162417
77.67985858,12.92982193,80.11719975859657,79.31536780772032
77.68197945416667,12.928511325,106.66987868062098,65.33139111434815
77.68376118333333,12.9291799375,130.0569864660254,84.32265112891479
77.68371325,12.9298358,138.52080847224636,90.93226511289147
77.6854,12.919995,0.9274275078169802,42.98980335032775
77.69485506363637,12.924838679545456,30.98380216719631,88.29206117989803
77.6845627,12.929328703703705,147.02120030712388,84.3590677348871
77.68530053189188,12.930265495788843,190.59034679564837,93.02621995630007
77.68587707548699,12.930496719690538,218.04369190760468,92.69847050254916
77.68754503333334,12.930503100000001,289.50005473996606,96.28550619082301
77.69483756603773,12.926177218867926,45.727202626355535,93.59067734887108
77.6948277590655,12.927413720946772,65.78256490217773,97.06846321922797
77.69468524642856,12.928836382142858,111.90074894245713,91.29643117261472
77.6939296,12.9308901,293.49996135465113,92.78951201747996
77.69474191904762,12.93022685,182.6213112686176,97.68754552075747
77.68382626,12.931709013333334,140.140179314554,93.95484340859433
77.68511138941726,12.931442808801306,202.310504737227,92.24326292789512
77.68622865695025,12.93146452309784,268.40370683810306,98.48871085214857
77.68455313333334,12.932321100000001,166.5935933648461,92.07938820101967
77.6869815,12.9324049,361.0186441010162,95.70284049526585
77.68788155331049,12.93198563932637,436.94015690047087,98.56154406409323
77.68892164285714,12.931639942857144,502.65627758567774,88.38310269482884
77.68829003224398,12.932640992095982,527.0882852007016,99.50837581937363
77.68874186308155,12.932918650140323,598.9167655217193,99.36270939548434
77.68960222568539,12.934088191839336,710.822088711173,99.49016751638747
77.68928241818182,12.935738063636364,520.7228837851183,91.80626365622724
77.69115645,12.9322555,677.9812452680367,94.99271667880554
77.69166950588234,12.931957968382353,617.5929379706832,96.12163146394757
77.6910234549661,12.933406465660319,775.4730652528261,95.8667152221413
77.69135752213275,12.933022803314282,746.5785937482511,95.30225782957028
77.69300821111112,12.931472863888889,443.21492182055397,99.28987618353969
77.69490531578947,12.931269718421053,232.77175755612836,95.83029861616897
77.695165,12.9322833,254.37254160749328,91.1143481427531
77.69075699042291,12.934003280763745,777.3368924803997,96.32192279679533
77.69131834464285,12.933940086309525,769.3520775149444,96.59504734158776
77.69027731603327,12.935381883485944,643.5700416343677,99.6176256372906
77.69209850794087,12.936081462180496,530.6349573664014,97.39621267297888
77.69290223372093,12.936152543023256,471.83156014335304,97.35979606700656
77.694289,12.9363164,358.4065223789874,97.12308812818645
77.6886667,12.9390583,103.5863228989007,94.35542607428987
77.685012,12.9416503,2.2677164604842637,11.544064093226512
77.6873517,12.9400183,32.16295361971983,79.4701383831027
77.6922646371058,12.936524370571664,469.58394996812706,95.81209031318281
77.69287072590002,12.936760726270863,419.6505678746767,99.39912600145666
77.6941725,12.936416,364.0384933484721,98.94391842680263
77.6936489,12.9380443875,333.1814761289429,79.84340859431902
77.69443351922149,12.93846414203511,334.88385888481304,99.67225054624909
77.69054622,12.93982618,125.46219122241008,92.80772032046613
77.69227275714286,12.940035028571428,197.36159174023274,99.38091769847051
77.6931374375,12.9399529625,249.34464204417907,97.02294246176257
77.69472388702883,12.939630164955167,329.74994788500294,99.8543335761107
77.65245740909091,12.952396363636364,3.045959692653626,24.67225054624909
77.6545073,12.9525834,2.719603760789779,56.063364894391846
77.65263170235879,12.953051470308315,4.099856328591567,37.38164603058995
77.65285292459794,12.953654064799686,5.363293182847969,36.28914785142025
77.65324453333334,12.955176783333334,10.382718436709807,41.460305899490166
77.65348111156852,12.956098781023046,14.554023578004733,47.70575382374363
77.65381858229294,12.95734078948461,20.151234872021806,73.45229424617625
77.65210739216548,12.95946422561901,38.47432455721245,90.62272396212673
77.65380996,12.959359180000002,25.53575582948244,59.268026219956305
77.6548260342242,12.959313023628075,21.811522795253744,75.27312454479242
77.65598301363457,12.959377638925663,19.371049552343056,73.63437727603788
77.65590305,12.959789149999999,19.056680701211747,69.93809176984705
77.65708433913044,12.959252156521739,17.545753452285396,69.57392571012382
77.6591248,12.958750199999999,13.436620244591031,72.74217042971594
77.6586915,12.9599297,13.819457034593848,68.73634377276038
77.65983038272724,12.958838230984824,12.089312595853714,62.89147851420248
77.66147061704325,12.959203011506963,9.568220642679066,53.95120174799709
77.6663328,12.9566233,13.193864726745794,62.408958485069185
77.6672033,12.9580667,20.513889091481552,62.408958485069185
77.66847644310346,12.958246710344827,21.554648082764995,46.558630735615445
77.66946662000001,12.958191039999999,19.239600143859423,55.42607428987618
77.66293052655404,12.95899874585578,9.29227501128642,44.31900946831755
77.66419655,12.9588197,11.422611197703446,25.34595775673707
77.66593428333333,12.959182116666668,17.24161420647919,54.07865986890022
77.66756935,12.95906937,21.56522272991925,56.081573197378006
77.66606128125,12.96031580625,15.217867745901465,49.47195921340131
77.664986,12.9615389,8.565161063386805,53.732702112163146
77.66804305655738,12.958875709836065,21.97338759413867,46.06700655498908
77.68014395,12.9441872,0.5307206633367345,3.696285506190823
77.6802873,12.9443598,0.532230010882061,5.972323379461034
77.6836982,12.9421762,0.797171747549114,14.785142024763292
77.68936446666666,12.949717066666667,3.0102890525058643,28.077203204661327
77.68950736666666,12.950840650000002,3.182174533468101,29.97086671522214
77.69005692142856,12.950052735714285,3.3407557698869588,29.133284777858705
77.6901618,12.9501907,3.3998878165865825,31.700655498907505
77.68007535,12.955000400000001,0.8259511988083819,20.26584122359796
77.6804779,12.95451325,0.8158978670345637,14.894391842680262
77.67532785,12.9631811,0.411438991253734,64.94901675163874
77.68173284285714,12.96079702857143,0.6264970118886232,20.411507647487255
77.68617598,12.954952019999999,1.0529703975852696,16.442097596504006
77.69016093333333,12.9552397,3.1358101238435263,31.427530954115074
77.6923463,12.9555853,5.380365863024999,37.05389657683904
77.6938439,12.9555342,9.587485324631434,25.892206846321926
77.6939515,12.9554978,10.133150817650794,29.151493080844865
77.6918255940941,12.955795594385544,4.599298260903692,44.41005098324836
77.69312344,12.95594576,6.774940634905393,30.40786598689002
77.69430475,12.9562354,11.00783857236673,26.76620538965768
77.6075293,12.9665962,27.117464751654257,29.087764020393298
77.6093978,12.9659617,14.822692654286326,20.2476329206118
77.61043253333334,12.965563766666667,9.601477276260276,7.1740713765477055
77.60814533181818,12.967247531818181,33.31714545482533,18.663510560815734
77.60913684545454,12.967073072727272,25.935917541288095,18.736343772760378
77.61102410000001,12.96698375,15.20687663783481,35.61544064093226
77.615077825,12.965864425,6.705561543325551,31.664238892935177
77.6176914,12.9651114,4.619600714810197,37.70939548434086
77.6157517,12.965912,6.853934795434237,29.042243262927897
77.61460794999999,12.969088750000001,33.53033594529596,8.485069191551348
77.6156664,12.968874,33.78284133940132,51.67516387472687
77.6100736,12.97024045925926,53.7232239256516,38.82010196649672
77.60794211428572,12.972032485714285,86.00020743283403,79.18790968681719
77.61024467348703,12.970222918247915,51.93768686815287,26.675163874726877
77.612223,12.9706736,50.683499300310615,37.01747997086672
77.61046103333332,12.971621666666666,64.67276354785396,47.61471230881282
77.61251594999999,12.971764,69.72438088482815,60.43335761107065
77.60770085230769,12.97248849076923,87.87670881079555,68.5360524399126
77.60940291515152,12.973184745454546,82.12447075929468,61.270939548434086
77.6077483801282,12.974362280128206,99.10921062468502,67.98980335032775
77.60939084875,12.973953617500001,89.87029017431506,67.27967953386744
77.61091853571429,12.97323242857143,78.47478903618087,48.998543335761106
77.61081184666666,12.974260829999999,91.2602658619258,43.1536780772032
77.612426425,12.97389823125,93.26718782641126,75.2367079388201
77.61502043125,12.9700032625,54.562550957045524,61.198106336489445
77.61496254444445,12.971462672222223,89.46760372190457,75.5280407865987
77.6181336,12.9707004,78.56872117194295,75.09104151493081
77.61812990625,12.971378831249998,94.28408309740732,68.02621995630007
77.61380143214286,12.973425575000002,105.03327520457906,80.95411507647488
77.61514656199094,12.973187385520362,117.38870670085286,80.09832483612527
77.61399630818713,12.97374635614035,108.7190737456772,85.14202476329206
77.61480860366667,12.973750416333333,116.20435954429422,84.90531682447195
77.61623083018868,12.973181085377357,122.14287336401749,80.77203204661325
77.61763343277312,12.97270530672269,117.17178954372997,82.59286234522942
77.61579713333333,12.973659023809525,121.42108466622057,89.36635105608157
77.6205686,12.9667417,7.289946071887476,11.034231609613984
77.6196375,12.969099575,36.50362369175194,62.9278951201748
77.6199212,12.9690361,34.13631262533642,66.15076474872542
77.6257442,12.9658486,1.6458517491603557,15.18572469045885
77.62898045,12.968877616666667,14.451384857081848,48.17916970138383
77.619594475,12.969830649999999,51.23417822570993,71.04879825200291
77.6198637,12.969629933333332,45.582252007504565,77.16678805535324
77.6192525969697,12.97159980909091,91.70610578582559,71.39475600873999
77.6200279,12.9708874,71.20932599776474,72.1048798252003
77.6230403,12.9720935,68.45120524504965,84.14056809905317
77.61932910166769,12.972511523711427,104.78235004028208,82.5564457392571
77.62028472698412,12.972936428571428,101.07376364313279,65.14930808448652
77.61949724166666,12.974477033333335,101.6033438399323,82.4107793153678
77.62019723092783,12.97418625670103,100.98027054658458,75.03641660597232
77.62189175393259,12.97320304044944,90.2169717837576,76.29278951201748
77.6226414611111,12.973410227777778,85.07861026602345,70.0109249817917
77.6219840142857,12.974094842857143,90.4942331595984,90.1128914785142
77.62324553072101,12.973863488714734,80.93850532094967,65.84122359796068
77.62642482,12.97000908,23.532328699908103,34.21340131099782
77.6257836375,12.971722100000001,43.916701237027596,43.24471959213401
77.6279059,12.9704844,25.89323018647644,55.88128186453023
77.62828918571428,12.970210871428572,23.54204193931117,53.787327021121634
77.62765473076924,12.971339261538462,32.700295165733635,54.278951201747994
77.62604123076923,12.972506018681317,49.64791933666785,49.7632920611799
77.62462734722222,12.9744645,68.35079384243022,75.89220684632193
77.62579207903644,12.974329642847557,59.35909000553745,82.90240349599416
77.62701272352942,12.972725547058824,44.6396806262369,35.160233066278224
77.60786656774378,12.975042704482357,116.6562559439208,73.78004369992716
77.60862205000001,12.976959237500001,276.2843324874629,58.3211944646759
77.6093048,12.9766898,242.96753568662348,75.41879096868172
77.6079655,12.9779016,413.0470906305386,97.96067006554989
77.60956446818182,12.978186045454544,488.28860189823274,89.76693372177714
77.6074581142857,12.980186385714287,814.2283218312882,90.05826656955573
77.60969472570423,12.97985241056338,832.4695083474459,93.17188638018936
77.6102219,12.9781015,453.52974923507384,99.03495994173343
77.61031342222222,12.980137899999999,843.9774001917675,96.64967225054625
77.61260833913043,12.980168573913044,540.5898119783981,91.84268026219956
77.6129786,12.9756701,119.8700120253694,81.39111434814275
77.61480246944444,12.975647144444444,108.09635085446641,72.79679533867444
77.61496881111111,12.976250244444445,106.6908553205213,79.16970138383103
77.61671564285714,12.975685328571428,94.95131784765292,81.02694828841952
77.61790714545454,12.975272072727273,95.85487596402989,68.90021849963584
77.61497455,12.97795095,136.3644952642948,77.0939548434086
77.61378208625955,12.979900933842238,346.0064575266226,80.80844865258557
77.61443006666667,12.979938755555557,267.5164316450331,69.7742170429716
77.60807755092725,12.981296243176415,987.8611765228893,89.49380917698471
77.60977208222276,12.981117434654573,991.6326152694726,92.57101238164603
77.60803901239497,12.982315464075631,971.7782338386352,89.45739257101238
77.60948715354331,12.982082177690287,1002.8512130882644,92.17042971595048
77.61034747002918,12.981138095122969,947.5478539535761,93.42680262199563
77.61226794375,12.981167501041668,660.6748276533834,92.98980335032775
77.61062417030976,12.982523484336646,869.1513442117493,93.33576110706481
77.61230488573315,12.982319591809775,627.3703620038054,91.71522214129642
77.60830840497738,12.98365182126697,790.5233779096537,86.25273124544792
77.60946662777778,12.983376110869564,828.899315406173,92.47997086671522
77.607723116,12.985193848,472.5146542171772,84.81427530954116
77.6105989180851,12.983174255851063,779.3418929039665,93.68171886380189
77.610343,12.984512,539.3783821722475,99.4719592134013
77.61209540909091,12.984781781818183,339.2332128842833,80.91769847050256
77.61393957291666,12.98098728125,369.19663972654365,72.92425345957757
77.6146770290909,12.980881046363635,265.5299001840207,71.5768390386016
77.61321975945945,12.982870564864864,429.1059251149725,94.7742170429716
77.61513969333333,12.9824673,195.3934147939717,52.603787327021124
77.61586751764706,12.980996352941176,145.30713066522844,70.3386744355426
77.6159119,12.9827893,120.92060614908952,34.723233794610344
77.61353004716982,12.983504388679245,329.10981512559636,76.14712308812818
77.61429566666668,12.984348933333335,179.60925735294086,32.17407137654771
77.6142839,12.9844976,170.42310087069893,37.855061908230155
77.61467811666667,12.9847884,125.52355613330575,27.403495994173344
77.61688125,12.98344735,58.227909740264785,5.335032774945375
77.616352,12.98516465,45.74724934376884,24.544792425345957
77.61873878461539,12.975278584615385,92.08077955156013,70.62090313182811
77.62021671746575,12.975470946792598,83.41243552607575,82.64748725418791
77.61929025,12.976942716666665,56.99636405052755,63.96576839038601
77.6203162,12.976917,54.55304908466242,68.79096868171887
77.62157301538461,12.975086899999999,84.16047674896113,79.57028404952659
77.62269404160136,12.975312410980319,75.14564347983233,78.53241077931537
77.62491733333333,12.975116900000002,63.52741643958878,94.08230152949744
77.62584877174326,12.975465659604293,57.33681863164746,79.6613255644574
77.6263913375,12.9766437625,54.39265415076168,81.82811361981064
77.62692943478261,12.97686825652174,55.81667747128924,88.91114348142753
77.6273382,12.9776807,59.670007823296714,94.90167516387473
77.62866305114504,12.978261799236641,66.65717660154293,98.06991988346687
77.62897555277777,12.979685858333333,68.62825679616833,97.65112891478515
77.6234023625,12.981901975,9.256859190426416,69.42825928623452
77.62461610909091,12.98200439090909,15.253359314203541,76.43845593590677
77.62859576176471,12.981091614705882,57.271387732796384,95.39329934450109
77.627457,12.9819746,39.696963580015556,90.55899490167516
77.62845,12.98172,48.95061018073864,90.55899490167516
77.63692375,12.966098800000001,26.917548097175793,81.04515659140567
77.63982838666668,12.964180933333333,50.96317271723865,76.58412235979607
77.6394564,12.96592,56.20051357469286,90.4952658412236
77.63669519411765,12.967724735294118,31.779955724559642,74.94537509104151
77.63012592857142,12.969638757142857,18.74931741590538,58.7946103423161
77.63135950833333,12.970016633333332,19.080865591857407,64.42097596504006
77.63000688857142,12.971548874285713,27.56304318128104,75.01820830298617
77.6319252,12.9715986,21.58949840207359,71.41296431172614
77.633565,12.9699817,17.622354611292437,60.39694100509833
77.6294487,12.9722223,31.129744342820533,65.04005826656956
77.6313141909091,12.972221681818182,23.94313879311697,77.49453750910416
77.63595864615385,12.9700616,29.63099064023036,59.68681718863802
77.63692807042253,12.96990261830986,40.11818924249302,59.19519300801165
77.63579903333334,12.971461333333332,24.670876445268323,67.5892206846322
77.63850107978723,12.97001849255319,60.8558545327389,88.1646030589949
77.63948655943052,12.9700968827826,73.45563348433495,89.58485069191552
77.64146616548932,12.964324384594113,60.8451887613505,87.89147851420248
77.64151041160714,12.96613373125,72.036713409255,90.69555717407137
77.64190005,12.96600055,70.81268373010725,90.6409322651129
77.64412348801346,12.964347839355469,50.67149251483461,83.61252731245447
77.64154598842106,12.966850657894737,78.63348543506234,91.04151493080846
77.641845,12.9668233,78.4708632397553,95.21121631463949
77.64138303314607,12.969136049438202,94.29192797528047,79.35178441369264
77.64533566666667,12.968699966666668,97.40635944758053,96.08521485797523
77.6490755,12.9656877,31.89905356464927,75.63729060451566
77.6477062,12.9677991,73.36762003121952,89.43918426802622
77.64659312599265,12.968880390427183,100.93140635924703,96.17625637290604
77.64800443556497,12.968924273434032,93.74247758339726,98.68900218499635
77.64945204374823,12.96866575525798,71.11153770162898,85.10560815731974
77.65056346363636,12.968352524242423,50.97519857655251,73.761835396941
77.64126420524462,12.969822012358833,92.21228408335953,80.28040786598689
77.64252772727274,12.970245122727272,96.65174693364217,92.04297159504733
77.64088869999999,12.971435033333334,71.3886020458118,85.05098324836126
77.64396200508475,12.970260849152542,104.82312355490859,94.5375091041515
77.64520771406418,12.970384307214193,112.79967361744644,94.61034231609614
77.64516113333333,12.971101733333333,108.21498138373376,93.60888565185725
77.64100635,12.973137900000001,46.041385581276195,77.3306627822287
77.6420933,12.97222,65.965634265428,85.52439912600146
77.64132975,12.973854450000001,39.96671227127873,27.05753823743627
77.6444645,12.973668499999999,54.57576957444481,51.0014566642389
77.64498695,12.974813725,37.12927581339299,44.33721777130371
77.64647544188043,12.97040541801246,116.76536845289675,96.2490895848507
77.64748134321951,12.970194699982557,111.81354793129049,99.2352512745812
77.64717308649784,12.971338483444084,108.08712661102994,96.83175528040786
77.64745260228266,12.97098869800923,109.70476081317561,98.59796067006556
77.64956625833334,12.971406775,72.01040853518448,96.55863073561544
77.64703469978198,12.972552935087172,85.9330837171178,96.03058994901676
77.64676249,12.974338459999998,45.49134718853363,84.24981791697014
77.64955180153144,12.972327059759346,59.754256304719114,97.46904588492352
77.65107944,12.97250042,35.96639144347901,85.25127458120903
77.6306643,12.9782732,54.76976547862982,90.75018208302986
77.629636935,12.979618604999999,67.10825477864931,97.523670793882
77.63462426666666,12.9781883,24.63960502400294,65.98689002184996
77.63631855,12.9759011,24.328600369067097,64.03860160233066
77.63670546,12.977308740000002,36.67163296834445,59.57756737072105
77.63895322727272,12.977588645454546,57.65765951663573,81.73707210487983
77.6391085923077,12.977558469230768,58.09189037090669,79.93445010924982
77.63595314999999,12.978268366666668,32.683339310420735,58.831026948288425
77.63674731,12.97821682,40.59275650570527,59.24981791697014
77.637286,12.979324,45.04868931172933,66.71522214129642
77.63853252380953,12.978191084126983,57.90941845592743,79.36999271667881
77.63969863378378,12.978240875675676,62.19471293040865,87.96431172614713
77.6379206,12.9792122,51.730698760254214,80.01638747268754
77.64000390000001,12.979511800000001,58.688670513542085,87.09031318281136
77.63035667209303,12.981063546511628,53.46873312239643,95.68463219227968
77.63094301333334,12.981413233592859,45.099613330315755,87.12672978878369
77.63378966666666,12.981461966666666,20.528620752265653,57.601966496722504
77.63389959999999,12.982059399999999,17.043025011495207,57.601966496722504
77.6374503,12.9814535,29.961640546477078,54.7523670793882
77.6380183,12.982245018181818,25.87110020406271,71.90458849235252
77.63959123333333,12.982380033333333,29.529288999421443,70.62090313182811
77.64030444,12.983807039999999,18.233870175542464,54.06045156591406
77.64100476,12.977565799999999,54.67265973510628,75.92862345229425
77.64496934444443,12.974982233333334,34.88652013752396,40.04005826656956
77.64120988639687,12.978204413798663,55.506338191099225,81.1361981063365
77.64230844000001,12.978416033333334,44.98581929791895,69.55571740713765
77.64100749555664,12.979153979684153,56.03318781060642,75.60087399854334
77.64222289047619,12.979097090476191,45.00973405212288,67.51638747268754
77.64545225,12.9784335,16.616117380171996,15.823015294974507
77.64365079090909,12.979141409090909,29.848746415466653,43.936635105608154
77.64526651666667,12.9792218,16.814355432775685,6.68244719592134
77.64687441666668,12.9756089,24.933548196575302,38.83831026948288
77.6467415,12.976823,15.380454995204543,17.03386744355426
77.6459164,12.9783106,14.370115262918793,14.056809905316825
77.64627845,12.97996895,11.10603677871928,7.265112891478514
77.64070404534823,12.981116542946756,41.64719436299501,61.96285506190823
77.64058718,12.982200180000001,30.928214444196538,62.527312454479244
77.6457836,12.9816807,10.110002499246946,18.554260742898762
77.64581861666666,12.981873116666668,9.661845202982512,10.050983248361254
77.64069040791142,12.98398179866765,16.953596423060073,58.211944646758916
77.64542993333333,12.983672333333333,7.482621415008249,13.492352512745812
77.64428256666667,12.985652366666669,5.851633076813879,47.341587764020396
77.644931028,12.985467862252644,5.680159916018882,33.24836125273124
77.64608127333332,12.981034366666668,10.324989817892945,10.34231609613984
77.6510069,12.981326733333333,7.85146319057874,31.55498907501821
77.64823185,12.98564355,4.8130218170251755,38.237436270939554
77.6492846,12.98379465,4.848166227623295,25.373270211216315
77.60848991153847,12.986813496153845,202.99680503319243,62.85506190823015
77.6087112375,12.98807265,92.24073787748785,43.59067734887109
77.60894082857143,12.988273985714287,79.54629638790091,49.690458849235256
77.6127005,12.98769835,53.52393292854044,11.52585579024035
77.6087917,12.9885983,67.25497866059577,45.721048798252
77.60915342272727,12.989228768181817,47.508247722901984,51.62053896576839
77.60926195625,12.990506012500001,36.41278868665657,45.32046613255645
77.61213569743589,12.990531012820513,31.17687429236826,11.307356154406408
77.6157885,12.9863226,36.81866928974611,23.907501820830298
77.61790801481482,12.987928932098766,17.36418792850081,37.527312454479244
77.61331861666666,12.989496099999998,23.879975358892946,17.24326292789512
77.6138922,12.990880277777778,29.433342800469788,17.152221412964312
77.61481585,12.991185,29.723815080811754,19.573925710123817
77.6161433,12.9893476,16.997762774501595,23.616168973051714
77.6165067,12.9899833,17.49083472123583,30.72651128914785
77.60958880000001,12.99185155,42.79494143354085,65.67734887108521
77.60834278666667,12.993522936666666,47.733549828356864,68.13546977421704
77.60967131764706,12.993400892647058,57.91410783658378,71.54042243262928
77.61116405,12.991909825,46.13625367968082,46.32192279679534
77.6118100590909,12.992113754545455,49.252697587313925,37.19956300072833
77.61056313076924,12.993609246153845,66.67997536972453,62.01747997086672
77.61214803125,12.9930506875,64.7343489007643,52.17589220684632
77.60788513157895,12.994662452631578,46.868067808683165,60.041879096868165
77.60961987499999,12.99475417,68.43474352726535,63.801893663510555
77.6080524,12.995946575,49.680077827327416,42.4435542607429
77.60914696666667,12.996238,66.16862035883567,66.82447195921341
77.6104998992126,12.994741394488189,78.31442699172716,60.41514930808448
77.612340425,12.99500075,94.6316518102448,76.4202476329206
77.61114063174603,12.995825814285714,92.26505295651134,59.97815003641661
77.6120962263158,12.996372194736841,101.00551271864828,70.72104879825201
77.613198375,12.99243145,53.31033831552519,25.528040786598687
77.6144631,12.9916033,36.134015182248646,30.72651128914785
77.61399516585367,12.995330393902439,94.87204848143313,69.1551347414421
77.61531117043478,12.994682642608694,75.71610934436924,70.13838310269482
77.61366104989429,12.995755701057083,99.1785862378767,68.09905316824472
77.61486974285715,12.995809528571428,87.90368420411711,75.78295702840495
77.61588317936508,12.994604987301589,67.07565801246866,72.60560815731974
77.61789825,12.99484965,37.595011285347226,56.60961398397669
77.61667958913044,12.995985645652173,58.993264585510204,41.47851420247633
77.617414728,12.996210031999999,46.360171441977506,26.839038601602333
77.61936173735381,12.986891003085333,15.876051599661052,48.525127458120906
77.6198127,12.9867245,14.68851312687255,52.549162418062636
77.61941961515151,12.987371566666667,15.706225317949935,40.44064093226511
77.6192043,12.9903812,11.617988245666192,48.943918426802625
77.6189769,12.9953127,24.867072775143484,46.631463947560086
77.61898193333333,12.996541533333334,25.19318314677687,21.24908958485069
77.6208154,12.9961153,12.157657198985016,11.571376547705754
77.62140925,12.996409075,10.70638883916611,0.8375819373634377
77.6268768,12.9943494,2.036264762610699,40.75928623452294
77.62914752707587,12.99425667147888,0.9583572983374944,41.51493080844865
77.60828706666666,12.9979589,49.488420980965145,19.319009468317553
77.60980267954545,12.997640877272728,74.86941445890093,39.093226511289146
77.6085433,12.998305,52.584340540764074,24.18062636562272
77.60938018571429,12.998694285714285,64.65758398893028,68.28113619810634
77.61084658554216,12.997133853012048,90.15220303581067,41.04151493080845
77.6116815,12.9973285,96.99552134677484,46.50400582665696
77.61033917,12.99882916,77.37807251666531,70.35688273852877
77.6123307,12.99893065,86.6560293449452,77.8040786598689
77.6110551636971,13.000022003340758,73.85282842639394,69.06409322651129
77.61209254642857,13.000733675000001,66.26794250329864,78.40495265841224
77.6111882,13.0020777,47.38481731686088,73.61616897305171
77.61222672967033,13.001530773626373,54.705731148065986,72.41442097596504
77.61414669,12.99713126,91.7476367221795,68.59067734887108
77.6144538923077,12.997054202197802,88.81963777515745,62.32702112163147
77.6137111,12.998798899999999,78.88114709464838,34.04952658412236
77.615310825,12.99844665,62.66578952518402,34.55935906773489
77.6166464,12.9981082,47.0892138389357,45.848506919155135
77.61578915,12.998966075,50.36382775169435,33.08448652585579
77.61771490000001,12.99913227142857,28.002803647160025,13.638018936635104
77.61358569090909,13.000553254545453,58.55948032141011,38.49235251274582
77.61491202777778,13.00059331111111,43.853923398187845,8.248361252731245
77.61354093333334,13.002191533333333,38.392204869404424,35.979606700655495
77.61606384285714,13.000203104761905,35.45425273691413,10.214857975236708
77.61781916875,13.00028685,21.52602803748418,14.238892935178441
77.61600565,13.001279799999999,27.54483074787968,21.968317552804077
77.6175851,13.00222506,14.684233390231261,6.227239621267298
77.61214942857143,13.002946671428571,34.8023589466566,68.06263656227239
77.61215775,13.00400125,22.245429262055872,38.13729060451566
77.61235175714286,13.005768428571429,9.617576947257524,10.870356882738529
77.61269981428572,13.007461000000001,5.245020403583673,8.19373634377276
77.615575625,13.002719075,20.347433196245806,22.85142024763292
77.61511477,13.004919329999998,10.448535824532495,7.993445010924982
77.61574616666667,13.002400266666667,21.51274837606866,18.900218499635834
77.6183315,13.0035188,10.42038771667583,9.759650400582666
77.61637795,13.0042477875,10.707917498382496,0.764748725418791
77.618759375,12.9979717,24.42258571456829,17.42534595775674
77.61930143333333,12.998887477777778,18.87820369461357,15.531682447195921
77.620035475,12.999142725,16.003728893504498,17.844136926438456
77.62306744,12.99802683,13.228381796953512,46.46758922068463
77.6220234,12.9988422,14.161564255359686,41.84268026219956
77.6238877,12.9983785,14.18926915350976,50.0
77.61916251666668,13.000046388888888,16.781233883227312,13.237436270939549
77.62003513846153,13.000515107692308,14.098879790869633,12.873270211216315
77.621780065,13.00059401,13.470727142712933,8.849235251274582
77.62468017319587,12.999160460824742,14.957483856269606,41.250910415149306
77.62535804999999,12.999407349999998,14.26239626256362,47.906045156591404
77.62834294000001,12.99814022,6.44488164706792,42.80772032046613
77.6281962,12.9984218,7.0793174156670515,46.23088128186453
77.62517328,12.999636303333334,14.458052131872037,37.21777130371449
77.62545945,12.999845157142857,13.895816989314758,40.47705753823744
77.6269905,13.000801500000001,9.355481084780086,39.184268026219954
77.6278499,13.00105345,7.25286443621718,29.84340859431901
77.61937316666668,13.003424166666667,10.287234884532738,37.563729060451564
77.6227065,13.0036702,9.3371879032665,44.77421704297159
77.6231046,13.00441,8.711583581381388,40.00364166059723
77.6197433,13.0051,10.328728338951269,41.87909686817189
77.620648321875,13.0059965875,11.142799264399773,41.69701383831027
77.62158840714285,13.007137525714285,10.483918908250745,29.697742170429713
77.6239979,13.006432,6.924553202066429,47.12308812818645
77.6458101,12.986270600000001,4.700845907866744,30.3714493809177
77.64623665679196,12.986279545208209,4.720288696943744,38.638018936635106
77.64805030122672,12.986642107575348,4.946441843631893,44.51930080116533
77.6487429,12.9871146,5.406225288658595,39.89439184268026
77.6306853,13.0016153,4.9133453588556835,27.585579024034963
77.6314522375,13.0016787,5.0914853926777965,21.358339402767662
77.63279850727407,13.00203400110376,5.305181747433863,18.335761107064823
77.63378538571429,13.002240785714283,5.040175468177495,21.504005826656954
77.6318361,13.0036877,4.242844534902363,23.215586307356155
77.63459735714287,13.002578628571428,4.4957082798321695,27.29424617625637
77.63520615,13.003018333333332,3.889551310887826,17.57101238164603
77.6354065,13.006523314285715,1.5914069779059825,13.965768390386016
77.63840470000001,13.005620833333333,1.029073526585613,15.750182083029863
77.6411533,13.0077233,0.4393443940207784,4.788783685360524
77.65243643333334,12.967958166666667,27.76689560898669,72.6693372177713
77.65371943990561,12.967765088079908,22.538061741052733,64.20247632920612
77.65193981428571,12.968113314285715,32.61079653445605,60.7428987618354
77.6527627,12.9680201,26.239422273143045,70.77567370721049
77.65585577246173,12.967371961035155,27.62249020613908,32.44719592134013
77.6591046,12.96628107142857,22.551047228618785,89.65768390386016
77.6580545773585,12.966889643396227,30.39246072068015,89.29351784413693
77.65859054615385,12.966826419230769,29.407457719699536,79.73415877640204
77.65367537499999,12.971895524999999,38.915857096170576,7.592862345229425
77.6547795,12.9695233,42.66760502773889,4.0604515659140565
77.6552512,12.9718761,66.27027929669124,85.37873270211216
77.6538002,12.972166600000001,39.776253397663,17.771303714493808
77.6540468,12.974824,24.35379764708445,18.00801165331391
77.65455512,12.974692569999998,30.42593326961305,13.856518572469046
77.6565879,12.9744808,55.53519581463007,85.34231609613984
77.65808168360891,12.97171375093245,107.19814968747994,86.89002184996359
77.65836637849462,12.971669260215053,106.49406096489552,93.29934450109249
77.65773981333113,12.97250528493314,101.61499712859766,98.32483612527312
77.6584445,12.9721988,103.77387167814481,95.48434085943191
77.6570036,12.9734951,80.20795034828049,92.60742898761836
77.6721232,12.9742302,0.32021150095317524,7.046613255644574
77.6545458,12.977101566666667,11.961281636758997,36.2163146394756
77.65378015833333,12.978570316666667,9.126369069179251,24.21704297159505
77.65214949508197,12.980048654098361,9.314993136568052,22.742170429715948
77.65318355294119,12.979434764705884,9.2596102963503,25.01820830298616
77.6545073,12.9783689,8.942342418966145,34.759650400582665
77.654296975,12.97975355,8.044812307917852,28.87836853605244
77.6517376375,12.9806562125,8.852970644728169,27.221412964311725
77.65635342518435,12.981071472167969,3.6112860286327093,27.521849963583396
77.65708402857142,12.981078342857144,2.697584467591234,19.519300801165333
77.6677989,12.9854851,0.5616542650109946,8.048069919883467
77.6720109,12.9857043,0.2006594979890414,21.23088128186453
77.6752573,12.9733216,0.41953959501218535,19.455571740713765
77.6739698,12.973665666666667,0.42051859940082076,14.275309541150765
77.6780262,12.9727478,0.2815950441713101,19.455571740713765
77.6784602,12.9741055,0.26260144510760014,17.088492352512745
77.6796118,12.9792733,1.0142951555755473,17.088492352512745
77.68037303333334,12.983002666666666,3.6408953057228035,28.79643117261471
77.6798306904762,12.983561371428571,3.781747553930322,21.795338674435545
77.679368,12.9851535,3.1198891690796264,49.3809176984705
77.69492094193548,12.978799519354839,79.26845485914042,98.10633648943919
77.6938568,12.9794015,73.08872702391531,94.04588492352512
77.6949068647619,12.979380445238094,80.18013304485898,98.37946103423161
77.69376861094379,12.98059190557375,64.45587110523996,93.44501092498179
77.69463412500001,12.980597708333335,69.92396733079909,93.66351056081574
77.6933711,12.9824793,33.83164502139453,93.40859431900947
77.69188587,12.98377321094536,12.630341657579073,81.99198834668609
77.6520343,12.9910144,26.997217847872314,87.63656227239622
77.655891675,12.990804575,18.2625715305373,95.79388201019665
77.65708869349297,12.991103146812208,17.432349832607663,81.96467589220686
77.6614463,12.9905347,31.045844341819496,65.53168244719592
77.65198814269662,12.991650560674158,28.31824422189464,84.38638018936635
77.65308285454546,12.99176133181818,28.984079786191202,82.57465404224327
77.65184905000001,12.99281575,26.74741936955378,82.35615440640932
77.6521378,12.994706,17.919663351380287,88.43772760378734
77.65376488823529,12.99498367647059,16.420335589622688,90.45884923525126
77.65468295454546,12.994932581818182,15.442362156131708,91.75163874726876
77.657291175,12.991468274999999,18.718741819448674,74.39912600145666
77.65911876666667,12.9920584,29.97575390985709,57.11944646758922
77.65992080952381,12.992392457142858,39.66512709927164,67.13401310997816
77.66018728333333,12.992900141666667,45.49041566617199,72.5782957028405
77.66182060792079,12.993293311221123,66.88824606075832,69.59213401310997
77.6637611,12.9869504,3.6643889718115776,3.058994901675164
77.66364836666666,12.987802833333333,6.657137878697249,4.734158776402039
77.66384420909091,12.987903699999999,7.021394825234645,1.2199563000728333
77.6636584,12.9896638,21.87235383553819,18.608885651857246
77.6638871,12.9895707,20.44426498809794,25.80116533139111
77.6628472,12.9901676,29.04874483176502,64.22068463219229
77.66385374999999,12.99234715,69.59934731427936,82.92061179898033
77.66311226029411,12.99386124889706,85.07453607987226,71.88638018936635
77.66381172155923,12.993184058435997,85.04562293740595,75.40058266569557
77.66326336971831,12.99413211690141,88.7840289576864,76.0014566642389
77.66622726666667,12.995114653333333,186.84581237297868,99.87254187909687
77.66684854629999,12.995275369406063,214.15582243993467,99.94537509104151
77.66720008716078,12.995703674126748,234.9751706262939,99.69045884923526
77.66845894210168,12.996175827620116,261.19356507424783,99.90895848506919
77.66938846018412,12.996555759412237,246.5380990972611,100.0
77.6604713,13.001403750000001,4.085519809753744,25.455207574654043
77.66170635,13.00153685,6.119596480564528,16.91551347414421
77.66115188,13.002727960000001,4.992630762666367,12.855061908230153
77.66016611666667,13.004593283333334,3.9364788376811615,17.22505462490896
77.65900635,13.007154425,2.4913318678754997,4.297159504734159
77.66899620809531,12.997065474581087,243.91998360946175,99.14420975965041
77.66994432231729,12.99718472440759,215.82763033955632,99.98179169701383
77.67102131214286,12.997678814903574,159.81421813544853,99.81791697013838
77.6726061,12.998132,108.89929984418495,94.81063364894392
77.67150513043478,12.998348295652175,126.3853096223539,98.16096139839767
77.67259548571428,12.998677914285713,105.65332141477161,85.63364894391843
77.66276586470589,13.003486762745098,5.889822003074388,7.975236707938819
77.6629595,13.0042897,5.259597140946917,23.506919155134742
77.66259003333333,13.007422733333334,2.5051705003801783,16.096139839766934
77.67976703333333,12.98968,0.5598679024375148,38.52876911871814
77.68877780187741,12.989229946409342,6.314257436954588,49.27166788055353
77.68771763057538,12.99088789146379,6.66840333392148,48.543335761107066
77.69011605652173,12.98669929130435,4.361029366667804,40.60451565914057
77.68692446829655,12.991520199802656,5.88953488455648,44.35542607428988
77.6848503,12.9938843,3.1598370558793425,58.15731973780044
77.68963067134361,12.994990253700072,23.782365955725403,67.02476329206118
77.69234209227162,12.996497460404397,82.42427705530484,91.51493080844865
77.69496007692308,12.994475353846154,128.57653617402008,96.46758922068463
77.69344031586927,12.996260092912367,111.64630419168209,95.75746540422433
77.69467815772487,12.99587414382751,138.46556017536005,94.41005098324837
77.67403401111112,12.9993683,130.21782949320544,97.54187909686817
77.67554767085028,12.999290840713533,178.48603967792937,95.28404952658413
77.67637291764706,12.9995306,204.82799285848262,94.0094683175528
77.67462172657389,12.999704446803054,154.73199509006722,97.26875455207575
77.67545192013155,13.000132786722094,190.31807448962914,95.9577567370721
77.67694617923867,13.000437365404988,222.18495775963675,99.70866715222141
77.67772099160082,13.000400955672701,215.8660776706816,99.21704297159505
77.676892356,13.001101627999999,213.6128280039195,94.82884195193007
77.67818537919725,13.001457167826544,186.28258039121937,96.88638018936635
77.6807287,12.9987324,80.69221884356156,93.35396941005098
77.6834883,12.9972037,12.771326765199472,40.16751638747269
77.6821391,12.99919685,44.37382184774607,27.439912600145668
77.6789495,13.0004423,176.57478072585818,97.28696285506192
77.68083544999999,13.0003116,92.04807432712319,15.950473415877639
77.68210227,13.00015919,50.32250677794957,35.214857975236704
77.68378547500001,13.000352575,26.986523361096715,33.12090313182811
77.6817073,13.0015768,58.38124608790385,12.035688273852877
77.683478,13.0022353,41.511787949225656,43.19009468317553
77.6758959,13.0026836,139.2554418910012,97.32337946103424
77.67968773333332,13.002613533333333,97.72742552597028,94.55571740713765
77.6839914,13.004716158333332,72.72294285020918,89.639475600874
77.68934135714287,12.997758885714287,27.000037299824832,49.708667152221416
77.6879527372549,12.99909700392157,20.384056660371552,57.5564457392571
77.6888656076923,12.998396484615386,23.36378909498746,56.48215586307356
77.68506637058825,13.000178588235295,22.314601427754766,56.02694828841952
77.6866964875,12.999735037499999,20.42299430825841,58.24836125273124
77.68725144545455,12.999888527272729,21.389517075035645,50.273124544792424
77.69077999867879,12.997080528159103,46.13547062779672,41.860888565185725
77.69203467031905,12.996858950936607,72.77013039757229,90.5863073561544
77.6899827,12.9994447,25.549427780978053,61.01602330662782
77.6924405125,12.999332025000001,42.27438129424185,34.66860888565186
77.69301929148936,12.997606136170214,83.79431788547383,82.11944646758921
77.69312480909092,12.99859279090909,63.7625651804526,57.06482155863074
77.6911329,12.999835,27.631641378578102,41.75163874726876
77.69203067777778,12.9998117,32.33599728460359,42.69847050254916
77.69274025,13.00069175,24.789988096106512,44.17334304442826
77.68457157837838,13.004954075675675,82.23451406386916,94.8652585579024
77.6894337,13.0036688,40.25241012640025,84.38638018936635
77.68522491683548,13.005384476040685,90.59539768528468,94.51930080116533
77.68622048028169,13.005919879577464,92.00404768207622,96.68608885651857
77.68664331666666,13.00667585,84.35607626039554,85.26948288419518
77.68714082,13.00641028,83.21067928082601,90.18572469045884
77.6886611,13.0055728,68.1654837438272,82.7021121631464
77.687605425,13.006707776315789,76.80025799390722,79.38820101966498
77.68897527777777,13.007388422222222,68.80488258626127,80.88128186453022
77.6943612,13.0049078,143.2139456819441,98.52512745812089
77.69093,13.0063383,98.02825485050106,39.075018208302986
77.69090338,13.0075989,120.58494881781004,83.557902403496
77.69214,13.007575575,194.19120479034504,77.22141296431172
77.69281458235295,13.007414670588235,236.51361326234937,95.06554989075018
77.694740325,13.00756345,346.95345039097276,98.88929351784414
77.7043117,12.8026667,0.6965436875787809,46.3401310997815
77.69782765,12.806664425000001,6.200736039381914,39.12964311726147
77.6993490375,12.80580615,6.6953832912999545,38.07356154406409
77.6996249,12.805546583333333,6.496553409290602,38.674435542607426
77.69864335,12.8063756625,6.722750727652211,40.62272396212673
77.69750595,12.807920849999999,5.013780331651208,39.36635105608157
77.7030056,12.8592515,0.16943372794730793,14.156955571740715
77.7055231,12.8621969,0.19811184735673534,6.418426802621996
77.7055825,12.8622513,0.19634051389837337,6.418426802621996
77.73582745,12.877168194473605,0.161090291957606,47.84231609613984
77.73832915174403,12.885763204709242,2.0791853353627543,53.18645302257829
77.7199201,12.89651425,14.295913681242542,50.45520757465404
77.71996277582419,12.89670538901099,14.324325935055668,50.63729060451566
77.72025555384616,12.896466846153846,14.266357364607824,57.01019664967225
77.72012765172413,12.896689810344828,14.328585276565727,57.57465404224327
77.73847076666667,12.887472755555557,2.5350060721944203,58.72177713037144
77.70446436666667,12.903306633333333,10.03327822634178,41.077931536780774
77.7049653,12.9030749,9.558626161470144,37.836853605243995
77.69800484999999,12.9058262,12.055267716331926,47.396212672978876
77.69863816666667,12.905738999999999,11.26460743937518,47.26875455207575
77.70028446,12.905503379999999,9.34638879573787,61.52585579024035
77.69608992841697,12.907004132439516,12.939315437205314,35.76110706482156
77.69729245969296,12.906629017138235,13.183928081397301,36.94464675892207
77.69846981207931,12.906322722557501,11.839920123844173,38.87472687545521
77.70212668499977,12.9044474031256,9.56185950902367,31.900946831755277
77.70255277018163,12.904319631118037,9.851840611120917,32.90240349599418
77.7041873286924,12.903714364466747,10.277068978576782,30.043699927166788
77.70993986666667,12.900497533333334,2.922569429444879,9.959941733430444
77.7105693,12.9001998,2.42762364181225,7.520029133284778
77.70830285384615,12.901647738461538,4.674234614893166,10.1238164603059
77.7067542,12.9021005,6.679737516703886,41.49672250546249
77.70942311818182,12.90106750909091,3.5028475666629624,12.782228696285506
77.7104281,12.9008641,2.7344642020143066,7.520029133284778
77.7092476,12.9026902,3.73545558063124,7.520029133284778
77.6975505,12.9107487,4.02827766449999,43.95484340859432
77.70451985299587,12.90915890859921,1.3299646869022137,35.406045156591404
77.69867312941176,12.91544518235294,1.598664606344243,35.25127458120903
77.69908530000001,12.916627349999999,1.4449596351836322,60.32410779315368
77.7362155,12.9190793,1.2728838743172866,8.667152221412964
77.7372158,12.9190873,1.2433007212152174,8.667152221412964
77.746775,12.8852117,0.7358016210207479,60.014566642388935
77.75136875000001,12.88373755,5.38106604261318,56.77348871085215
77.75229414655142,12.88348178125562,5.704136616559863,66.86088856518573
77.75335749739845,12.884118588420778,5.113983185046457,64.73051711580482
77.69548523333334,12.922208033333334,9.989804166441894,86.17989803350328
77.6978095,12.9263943,24.506114841194556,98.70721048798252
77.69590307915075,12.931920669909978,171.7608729761931,91.0233066278223
77.69636665357143,12.932715210714287,151.78678739920812,93.7727603787327
77.6966929,12.9331357,134.38159983890412,86.54406409322651
77.69699026666667,12.934345716666668,134.53494261709668,81.31828113619811
77.69718854545455,12.935381563636362,152.29145397060876,78.15003641660597
77.70562002857143,12.93609182857143,12.842195966620432,77.8951201747997
77.697663488,12.937300364,217.5898947640724,92.33430444282592
77.6964605578594,12.938935002043824,327.33369948646197,99.01675163874727
77.69727140318987,12.938589722923924,287.0416047209112,99.45375091041515
77.6991861,12.9374125,149.69698665014545,97.74217042971594
77.70060082463192,12.937680925576545,96.31570552777352,93.79096868171887
77.69866161522188,12.938165458474623,198.7789444632268,98.85287691187182
77.69998604660083,12.937870606781225,124.04929018172825,92.95338674435543
77.69557731104813,12.93973288841342,340.51133554599807,99.96358339402768
77.6967635,12.9398383,317.4226199776729,99.65404224326294
77.69631941776638,12.941278439015205,274.73429062063866,96.43117261471231
77.69679630714286,12.941554749999998,248.68684169403508,96.84996358339403
77.6981453,12.9402214,238.69266228814388,97.3415877640204
77.70128697466365,12.937500489229251,72.39986277911251,85.70648215586307
77.7026871138997,12.936988633278332,40.33293231914271,85.28769118718135
77.7021191,12.9378354,53.621351234871234,92.66205389657684
77.70402852486251,12.936558586325782,24.042467335233603,84.44100509832484
77.7053109,12.936444,14.953016340520623,81.7916970138383
77.7066462,12.935863099999999,8.155112413191107,83.01165331391115
77.73636064444445,12.921065211111111,1.6532624575188652,11.125273124544792
77.7362678,12.9213845,1.6335660814505972,8.667152221412964
77.7365692,12.9211212,1.6483590061704927,16.38747268754552
77.7375472,12.9257072,0.37181718565252425,16.205389657683906
77.71767611666667,12.938553833333332,0.803337313659324,86.2163146394756
77.7197538,12.9391627,0.7130680471194427,94.73780043699928
77.69657828899642,12.942124488111485,219.76239820179953,87.74581209031318
77.69731097494684,12.942657682491072,174.22032997750551,97.42352512745812
77.69761811284646,12.94380241701034,119.95627413540699,90.16751638747269
77.6988216,12.9425315,128.9339273149166,96.94100509832484
77.69816151515151,12.943991754545456,106.33958843320816,90.84122359796068
77.69797076153847,12.945328023076923,86.87366522703005,96.1034231609614
77.69832826738387,12.945294328885552,86.10385618871918,97.97887836853604
77.69878686404293,12.94687215028284,96.02943962006812,98.5797523670794
77.69908294806194,12.947968972877314,120.11297480965398,98.74362709395484
77.69952698333333,12.948351516666667,131.15673417028998,87.58193736343772
77.6992643283019,12.949687139622641,156.00404262846382,99.56300072833211
77.69968858434343,12.949825590404041,159.8179767831393,99.78150036416606
77.69925718,12.95018636,160.31196234436638,97.08667152221413
77.69984150146493,12.950755534860487,163.45808260239832,99.58120903131828
77.70004489386608,12.952081809093562,147.60991588004757,99.54479242534596
77.7161499,12.9514754,61.221953281454944,95.77567370721049
77.71548949999999,12.951653933333333,53.97845313345023,94.93809176984705
77.71692421818182,12.951721099999999,67.59434185411187,97.37800436999272
77.69792,12.9550117,70.2618724483235,57.08302986161689
77.700224425,12.95326188125,125.99948106397756,99.32629278951201
77.7003799,12.9549982,113.1514965589697,79.26074289876183
77.69595826666666,12.956445883333332,26.02152223892054,24.508375819373633
77.69745846666666,12.956319433333334,54.21427489411195,50.14566642388929
77.69891940426572,12.956889599748019,90.28519677189675,93.06263656227239
77.70030390434783,12.956863765217392,119.8410780814998,97.99708667152221
77.69908243476218,12.957047548981217,94.35983956712157,86.34377276037874
77.70051704444444,12.957209627777779,123.16840913865884,97.72396212672979
77.7008282,12.9543809,114.39995456192334,96.37654770575382
77.7044467,12.9550844,62.88786981744986,88.03714493809177
77.70128633668277,12.956823877606706,128.0543170458117,99.18062636562273
77.7028264370625,12.956858627400273,114.2067021093668,98.25200291332847
77.70106162647059,12.95765713685121,126.96029829040042,98.34304442825929
77.70258597333333,12.95703316,118.87640120947859,87.50910415149308
77.7038525012963,12.956682779237454,90.86354725436128,97.63292061179898
77.70403185,12.95703275,87.40881115563488,92.680262199563
77.7007968,12.9595978,95.34489350216745,92.9169701383831
77.6999939,12.9608496,59.4654729170662,91.93372177713037
77.70127203918919,12.959139175675677,107.34261157753897,98.08812818645303
77.7028127,12.9593336,90.40944446807737,93.82738528769119
77.7015615855489,12.960512155392541,73.8178793575216,96.01238164603059
77.70163591111111,12.961497947619048,50.502690434478126,57.15586307356154
77.70188803333333,12.963088566666668,24.478297574484397,48.01529497450838
77.7025362,12.9630998,22.58218210581081,56.864530225782964
77.70757122,12.956660880000001,20.94129328575541,53.96941005098325
77.70855284347826,12.95655937173913,15.152623666653383,25.98324836125273
77.70893634,12.95713766,14.006071987897538,24.16241806263656
77.709529975,12.9562828625,13.411045178862333,23.361252731245447
77.71115670526315,12.956203310526314,17.999429593116766,32.48361252731245
77.7128876,12.9555157,29.440842543323825,73.06991988346687
77.71475865000001,12.9554092,47.05406511290579,66.76984705025491
77.7172287,12.9555865,52.70539775509755,75.80116533139112
77.7122738,12.95601272,25.497854725910123,69.91988346686088
77.71385992500001,12.955911825,40.43594397324458,62.581937363437724
77.71499413853648,12.95644075104325,51.80181314781666,88.58339402767662
77.71667599999999,12.95576807,54.37223853031719,79.97086671522214
77.71538672340067,12.957538492070233,57.14450390693426,87.90968681718864
77.7064213,12.9627909,5.9206630746827145,15.768390386016023
77.709638525,12.963444375,3.8452048642057726,2.6219956300072833
77.7108637,12.9636852,8.463421299591968,7.319737800437
77.7136342,12.961104175,40.52767777726529,59.914420975965044
77.71578324841269,12.95870020079365,61.232899561375625,83.37581937363437
77.7161022424,12.9592161024,63.30647392560855,78.86016023306628
77.7147763,12.9609739,57.62619879192721,76.5659140568099
77.71636683644067,12.960334444915254,69.29957221933061,66.58776402039331
77.71358036000001,12.961217540000002,39.652338801415226,58.922068463219226
77.7132905,12.9638662,36.70158532663528,1.8390386016023306
77.7157745,12.9624387,81.90463715315367,83.39402767662054
77.71669647,12.962024804166667,88.65963335581023,73.19737800437
77.71707562820514,12.962885944871795,103.49476274483219,92.9715950473416
77.71771775238096,12.949961976190476,55.619920354224405,97.92425345957757
77.71755778360696,12.95087064104437,64.98881333533603,98.21558630735615
77.71746989603524,12.951746312775331,68.60952552529807,98.2884195193008
77.71747715000001,12.953013850000001,64.95455275311241,94.3008011653314
77.71740688551107,12.954853865999489,54.163331214567485,82.68390386016023
77.72094806666666,12.955580066666668,18.876743020729783,35.43335761107065
77.71841603548388,12.95575943548387,43.549005837348446,72.72396212672979
77.71940491428572,12.955776642857144,33.36973122749736,34.85069191551348
77.72075283636364,12.955777972727274,20.072972190347482,45.830298616168974
77.7219149,12.955776499999999,11.653356470623534,38.01893663510561
77.7236676,12.9557242,5.126387059397685,39.53022578295703
77.72461035,12.956001,3.856242557613155,14.402767662053897
77.72620185,12.955910333333334,4.114504565012663,21.467589220684633
77.7272267,12.955903,5.348433884820742,38.38310269482884
77.71762382931034,12.963491901149427,113.57173276258533,85.0327749453751
77.72937139016396,12.9560476253924,9.644352884020861,45.120174799708664
77.730208964277,12.956094212887386,11.249733840462028,50.41879096868171
77.73198057488003,12.95631527571361,12.609130615187372,50.163874726875456
77.73260884444444,12.956531866666667,12.228248868250887,42.97159504734159
77.73144118,12.957419519999998,12.558775904082788,45.93954843408594
77.73494,12.9567246,7.806230373169557,33.557902403495994
77.7356128,12.9569038,6.518907990119742,32.392571012381644
77.7356478,12.9571005,6.501526151315425,32.392571012381644
77.73752156666667,12.9569332,4.186152072144229,0.2822286962855062
77.73912453333332,12.9569367,3.7961142443286593,1.056081573197378
77.7367067,12.9571275,4.929075919005299,1.7844136926438456
77.73845666666666,12.957040399999999,3.838866157118441,0.2822286962855062
77.732143,12.9592666,11.904765841476825,50.80116533139112
77.73226700000001,12.960070125,12.682107980259495,65.4952658412236
77.73257555,12.96081628,14.358009321697672,59.613983976693376
77.73285091111111,12.961890866666668,17.2604520864288,67.09759650400584
77.73206660149445,12.96291455419809,17.928394182188352,70.21121631463949
77.73308042158182,12.963595113448486,19.154787281466987,66.22359796067006
77.7403797,12.9298278,0.2149511704774573,61.32556445739257
77.74866616520504,12.93600269327434,6.006248351399767,73.0517115804807
77.7463287,12.9372813,10.2082598825949,80.11653313911144
77.7456379,12.938304,11.240834991187215,70.2931536780772
77.74681341521739,12.938162895652175,12.434548007586665,84.94173343044427
77.7479105,12.9376357,10.744414455818635,70.2931536780772
77.7470422,12.9400232,14.966129382400725,78.45957756737072
77.74710590666668,12.94155468,15.179318048844616,75.07283321194464
77.74718636904761,12.942436271428571,14.28664904441179,68.97305171158048
77.7469133,12.9435633,11.870364832424144,63.39220684632192
77.74800793,12.94254364,13.583381591946544,59.52294246176256
77.74970776666667,12.943209866666669,8.758862351756369,60.5972323379461
77.7476875,12.9443237,9.706439994031795,63.39220684632192
77.7497634875,12.943298075,8.47680910494868,48.72541879096868
77.7470694,12.9457257,5.836787717728715,50.92862345229424
77.7465599,12.946705099999999,3.5938100039969934,54.879825200291336
77.745304,12.9492875,1.1968552586580685,55.95411507647488
77.7447847,12.9526495,2.5394022662139406,33.68536052439913
77.7506787,12.9431836,6.202917249450382,61.10706482155863
77.7532548,12.9445675,1.128196943295576,60.506190823015295
77.744425875,12.9538181875,3.6202469712900713,35.85214857975237
77.744383575,12.954682625,4.41618388813092,31.045156591405682
77.7400884,12.956938075,3.9512386653219527,3.7327021121631465
77.7413563,12.9568997,4.386343082254997,5.608157319737801
77.73990335,12.957050599999999,3.9014689714325206,2.093954843408594
77.74260138333334,12.956881366666666,4.9273839564321475,21.12163146394756
77.74394695,12.956839200000001,5.393353384755037,20.702840495265843
77.7421082,12.9570856,4.67679995665758,21.03058994901675
77.74539831052631,12.956585568421053,5.302752730556913,39.475600873998545
77.7457681,12.9571154,5.272073405881127,36.48943918426802
77.7462519,12.958134,5.17213778088995,34.741442097596504
77.74656808888889,12.959007577777777,5.123412530846607,39.65768390386016
77.7471693,12.960175300000001,5.197237204874868,18.499635833940275
77.74770717999999,12.96062154,5.262931674375628,19.05498907501821
77.7472183,12.9612383,5.401211208078743,30.426074289876183
77.74787737272727,12.961583290909092,5.623606361604762,27.13037144938092
77.7489483,12.9620333,5.671719838164829,23.434085943190095
77.74824505,12.9629312,6.589340144354946,16.27822286962855
77.70179825,12.96493535,14.261597331162443,37.61835396941005
77.70237143333333,12.964792033333334,13.866516773122152,31.864530225782957
77.70166102857142,12.965876085714285,14.245929648886628,52.26693372177713
77.702567675,12.96612945,13.51708541819119,64.71230881281865
77.70166091924645,12.967510923604518,16.651278600861087,68.42680262199563
77.70257026666667,12.96712555,14.800841510428288,66.42388929351785
77.70127937608696,12.968480600000001,17.374200946712936,77.93153678077203
77.70042641875,12.969764335416668,15.427925996637194,72.86962855061908
77.6979667,12.9744517,15.286794582592812,72.3415877640204
77.70022027201736,12.972526531678598,8.416728125481747,69.50109249817918
77.70322343265198,12.973591229083244,3.2518813988626105,80.89949016751639
77.7141623,12.964275,55.660881339937795,28.204661325564455
77.714011675,12.966172075,52.032056170988206,48.12454479242535
77.71582446666666,12.964567133333333,96.11348402307702,92.64384559359068
77.71666642444445,12.964734024444445,111.8893728481291,87.19956300072833
77.7140711,12.967262925925926,51.501918928720094,33.539694100509834
77.7126912,12.9692436,53.19585357503761,87.41806263656228
77.71340054999999,12.96815835,47.26663220884705,63.52876911871813
77.71520604761905,12.9675007,63.45453898477987,45.50254916241806
77.7164034049505,12.967319022772278,77.06455544255155,62.7822286962855
77.7165567,12.9683667,58.52192781355129,69.79242534595775
77.7111522,12.9701652,56.51578623195049,92.51638747268754
77.7095629,12.971586966666665,47.512977642466915,93.55426074289876
77.71149565438596,12.97200825614035,67.34893610228282,98.39766933721778
77.70983063333333,12.972560477777778,51.03329739229807,88.61981063364894
77.71132486886793,12.972429497169811,65.22039524356096,98.1427530954115
77.71094258481013,12.97432345063291,46.72863070405178,78.20466132556446
77.71249257344773,12.970306883209673,62.72654828031088,90.877640203933
77.713375,12.9702083,59.118180590131686,95.88492352512746
77.71212197590965,12.971332089162516,68.21383005435347,92.02476329206118
77.716528,12.9706196,29.680835078612667,62.436270939548436
77.71185865000001,12.972233750000001,67.23435540746705,94.91988346686088
77.69745684215897,12.97539688621298,25.18022467945984,82.21048798252004
77.69614064167264,12.977329495978495,60.048735904825065,90.44064093226511
77.69675356195818,12.976502487680706,43.53181241761355,89.74872541879097
77.69579499933042,12.978693229906156,76.6198605136003,88.20101966496723
77.69728886,12.97845864,57.384874139962974,83.21194464675892
77.69548532941177,12.97907814509804,79.47621288770596,96.15804806991989
77.695655,12.9821733,41.17683085669464,89.40276766205389
77.71081997272728,12.975430766666667,34.82513545902529,79.77057538237436
77.71016636363636,12.976748363636364,22.820977685988513,63.656227239621266
77.710461975,12.976493925,25.31333037059246,70.75746540422433
77.708967,12.9803346,10.561932070635683,50.32774945375091
77.70978581666667,12.978379516666669,15.26203163357347,52.82228696285506
77.71063190000001,12.978330325,17.11734155936988,59.85069191551348
77.70947182916667,12.979704954166666,11.986924503426396,44.91988346686089
77.71505033333334,12.977486666666666,11.702953650331477,56.30007283321194
77.71275564761905,12.97796159047619,17.946672934995807,57.7931536780772
77.71333782500001,12.977842691666666,16.931451797201156,63.5469774217043
77.71595479401992,12.977660273083089,8.131072177163329,53.49599417334304
77.70879457999999,12.981330500000002,10.076169757449946,49.1442097596504
77.70847835714287,12.982372192857143,10.178528715824461,56.281864530225775
77.7092976,12.980927880000001,10.60439699767796,39.96722505462491
77.70830737272728,12.98388636969697,11.01492482468664,50.182083029861616
77.7082450111111,12.985357825925925,11.125867711370272,62.23597960670065
77.70938296,12.98420748,10.955553665320245,39.94901675163875
77.7123049,12.9810025,8.985987089104782,53.350327749453754
77.7157317,12.9820867,2.293779275073256,48.39766933721777
77.7180946129743,12.964724328029376,119.08969192661353,83.70356882738528
77.7187412375,12.9649312875,111.95250228999049,98.19737800437
77.71828189502763,12.96578916077348,108.53386514121385,86.43481427530955
77.718902875,12.96607355,96.57362596545548,94.20975965040058
77.71769513432835,12.966879059701492,90.28831433134282,83.46686088856518
77.7268409,12.9718544,0.3869318846382152,16.61507647487254
77.7271453,12.9722979,0.4003627177944857,16.61507647487254
77.73311103,12.96399614,18.681530566284994,68.39038601602331
77.73581278,12.96928294,2.659804108849781,80.33503277494538
77.7367796,12.969234966666667,2.185522276534202,71.46758922068463
77.731851475,12.9700543,2.3966279246143474,72.48725418790968
77.7206748,12.97670565,0.960665746894717,2.057538237436271
77.72212795,12.979814099999999,1.650210045578931,2.876911871813547
77.7239084,12.980197350000001,1.8541899365404306,2.6766205389657682
77.725033775,12.980043625,1.9625911845984962,1.1653313911143481
77.72745811428571,12.979995457142858,1.944508941770137,2.5491624180626364
77.7181718,12.980813,1.8658497099158962,11.762563729060451
77.7189483,12.980745,1.6687864869030713,1.5659140568099053
77.7206813375,12.980659912499998,1.584202144974176,0.01820830298616169
77.7201867,12.9820185,1.2690719794158252,1.9938091769847048
77.72384869999999,12.98061135,1.8529210896660324,2.6766205389657682
77.7242243,12.9804936,1.901549695248413,7.001092498179169
77.7271782,12.980627033333333,2.083686406433738,0.5826656955571741
77.7280118,12.9843077,4.39267569634913,20.46613255644574
77.7281494,12.9847065,5.350632674558241,15.322286962855062
77.7335417,12.97741,0.5050946646226152,17.66205389657684
77.73372499999999,12.979561466666667,1.344002140430094,20.87581937363438
77.72872345,12.9836259,4.835418824844487,24.308084486525853
77.72862099999999,12.985347316666667,8.495164232583654,12.964311726147123
77.73341305555556,12.985489822222222,61.87595651633263,85.66096139839767
77.70046695,12.993992500000001,43.16402163683321,85.45156591405681
77.69626383361066,12.995260733185935,143.87809116284316,96.79533867443554
77.69729447715805,12.995173085480353,128.50510000386416,95.5753823743627
77.69576159641166,12.995598592299872,146.67138575911665,96.06700655498908
77.69687095,12.9954593,136.8643608724071,96.72250546249089
77.6986358083217,12.99471350170899,92.49180049251075,95.46613255644574
77.69979649230768,12.994300615384615,59.560477761201724,89.20247632920612
77.7013111875,12.993880325,28.60780216826608,76.40203932993444
77.70300142777778,12.99373186111111,12.122101089873551,21.722505462490897
77.7060987,12.9917085,4.0064752734499045,20.739257101238167
77.70434156666666,12.993518799999999,6.740442127844803,7.301529497450837
77.70555543333334,12.9931081,4.596366600288948,10.46067006554989
77.7009159,12.9940942,35.60236283234661,88.65622723962126
77.70858281818182,12.98654810909091,10.466592722292312,45.884923525127455
77.7076079,12.9875857,8.225713758272272,55.680990531682454
77.7088489,12.9875305,9.444290928499228,54.388201019664976
77.7097767,12.98653,10.225019830204696,51.766205389657685
77.709705344,12.987875387999999,9.168461340375062,52.585579024034956
77.7106012,12.9883424,8.514570324269322,33.01165331391115
77.7063679,12.9898929,4.249212282470009,21.922796795338677
77.71136499038623,12.988826365897086,7.894700375581207,41.27822286962855
77.712342644,12.989423248000001,7.28174661846676,24.289876183539693
77.71386065714286,12.990178185714285,7.004138023962729,27.239621267297885
77.70647478333333,12.993263166666667,3.7029351586509214,10.46067006554989
77.70944863333334,12.992526466666668,3.488855113803366,15.640932265112891
77.7117629,12.9913522,6.060719700792059,24.58120903131828
77.71273028,12.99219316,6.051646632974508,29.31536780772032
77.71372334,12.991807699999999,7.225941442115571,38.729060451565914
77.71545967499999,12.992145433333334,8.850526753282661,41.95193008011653
77.716614475,12.99224449375,9.427854855663414,41.80626365622724
77.71695132380952,12.993192504761904,9.576739355979518,51.056081573197375
77.7013764,12.9978501,15.111641406295488,83.13911143481427
77.7017267,12.998495,8.899421242213421,80.6081573197378
77.69580314193549,13.007700922580645,357.82305144834714,99.92716678805536
77.69779878333334,13.007294923333335,244.02613665629983,98.54333576110706
77.698366275,13.0069547,191.98668058719758,99.63583394027677
77.70129635,13.0040591,13.376517672018778,71.4857975236708
77.7021478,13.0060611,17.69534600161827,74.92716678805536
77.7172373,12.997021,3.6775103033940812,44.0094683175528
77.7156573,12.9991816,1.372896567450662,17.188638018936636
77.70806265,13.00427475,2.4165334657301583,20.57538237436271
77.71003085238095,13.004544257142857,3.799596099809415,8.394027676620539
77.711132975,13.00434535,4.121029793655759,22.41442097596504
77.7096198,13.0067261,2.5627212127153505,16.669701383831026
77.7124696,13.0026633,3.1583434331009377,30.662782228696283
77.71243216923077,13.00441580769231,3.9878262016449626,24.35360524399126
77.7138404,13.0045814,3.4317523471510114,34.15877640203933
77.7151364,13.0045462,2.9689412616080033,24.69045884923525
77.7164664,13.004513800000002,3.0248821565400363,25.56445739257101
77.71421785,13.0068307,2.168373126943773,15.322286962855062
77.7177284,12.9906096,6.709326434573663,37.927895120174796
77.72135536666667,12.991123933333332,3.2102993229176344,24.04406409322651
77.72144563333333,12.9910813,3.085709864188567,24.04406409322651
77.7249987,12.9899315,1.5645328649253076,17.370721048798252
77.7277267,12.9890861,6.630012037653398,22.450837581937364
77.71754566666667,12.992242699999998,9.150485054173876,35.37873270211217
77.71986872,12.99200154,5.894781770936967,27.967953386744355
77.71747757142857,12.993760628571428,9.055131792376713,48.78004369992717
77.72047332,12.991761539999999,4.775673433503966,30.972323379461038
77.7177433125,12.9945836375,7.862204185704066,35.087399854333576
77.71776957499999,12.99584055,5.620891467236852,42.261471230881284
77.7308306,12.9858468,31.419082917056297,43.97305171158048
77.7294399090909,12.988419390909092,19.611420618549786,20.648215586307355
77.73070186666666,12.988417466666666,37.0128440761226,19.155134741442097
77.7310701,12.98596,35.879245339335064,37.3088128186453
77.73354409767443,12.98637410232558,78.08369323461282,77.1849963583394
77.7319633,12.9879828,61.55391504071423,94.1551347414421
77.73358085,12.987901749999999,86.89306701108795,91.86088856518573
77.7283275,12.9890439,9.542208780470828,19.26438455935907
77.73325969999999,12.9887213,76.63746003719139,94.02767662053897
77.73453727246377,12.986470476811595,84.55086935988516,86.16168973051711
77.73540170333334,12.986880123333332,84.65791760415485,86.56227239621266
77.73433083107345,12.987819799999999,91.40973304905874,86.8353969410051
77.7356732984375,12.98740510625,83.79800591212525,94.66496722505462
77.7175505,12.9986248,1.9611337635825234,42.38892935178441
77.71814806,13.00457552,4.9652224337946365,82.88419519300801
77.723504590625,13.00346156015625,25.757956502104776,85.23306627822286
77.7433667,12.9661117,1.3658031209591668,52.71303714493809
77.748698,12.9645771,9.02706873216906,53.16824471959214
77.7491116,12.9645281,9.071185156667392,52.13037144938092
77.7486717,12.9655969,10.805994439882927,69.82884195193007
77.7491270478261,12.96589122173913,11.666126466276474,67.77130371449381
77.7495780875,12.96727906875,13.711724393608462,70.59359067734887
77.74984064215171,12.968628173190393,13.758917947865111,72.21412964311726
77.74992920313355,12.969943730965072,11.917893630683025,79.69774217042972
77.75544575173693,12.968793564429724,1.7219337587705312,77.60378732702112
77.75042108,12.972278159999998,6.890356037548654,71.43117261471231
77.75080405,12.974392600000002,4.57427411062081,64.56664238892935
77.74568169892473,12.985449377419355,19.98042528265202,75.1456664238893
77.7461343,12.9850215,19.741819463527726,80.48069919883467
77.74950919999999,12.984647933333333,12.278078167944283,71.08521485797523
77.75113871428572,12.975527342857143,4.441580498014068,54.77057538237437
77.751211375,12.977025600000001,4.94262109902108,57.26511289147851
77.75136396666666,12.978277266666666,5.719704650556775,61.61689730517116
77.75130111153845,12.979357953846154,6.647246854176957,46.08521485797524
77.7520426,12.9797734,7.002789179415878,62.72760378732703
77.75194205,12.98136015,8.86403154449775,55.316824471959215
77.7520518375,12.98262171875,9.771371940099408,48.37946103423161
77.75129927500001,12.9841952,10.045503836089088,45.19300801165331
77.75216226176471,12.983486926470588,9.625823391743031,58.8856518572469
77.7505929,12.9845046,10.590245205934563,45.52075746540423
77.7521233,12.9849287,8.09078056310806,53.98761835396941
77.753208,12.9836037,8.062298474868232,53.131828113619804
77.7616485,12.964772400000001,0.40688872634441486,74.4719592134013
77.7683229,12.982984,1.2094128014956618,14.020393299344502
77.76788845714285,12.983580442857143,1.2218205257664907,5.644573925710124
77.76832881428572,12.983439285714285,1.2306523198327766,9.176984705025491
77.771735,12.9832733,0.5777583096363683,19.09140568099053
77.7452632,12.9858757,19.368891234188716,78.67807720320467
77.74874527142858,12.9894244,3.709745048748015,77.476329206118
77.7557815,12.9908919,1.4996425984977817,18.918426802621997
77.7560896,12.9913431,1.6336204485516543,17.498179169701384
77.7570033,12.9929,1.89841628110637,23.83466860888565
77.7574443,12.9931213,1.8834529862521545,18.954843408594318
77.75771554666667,12.994497486666667,1.754297605698254,24.81791697013838
77.7575623,13.000739199999998,5.256414199937344,37.27239621267298
77.7570714,13.0019363,7.422767195245402,49.21704297159505
77.75724166,13.00207565,7.665037308085584,45.97596504005826
77.7514058375,13.0060866625,1.663509230190728,30.225782957028407
77.75703122,13.002822179999999,8.765063480635567,42.134013109978156
77.75719915132406,13.002672635116637,8.575055586463373,37.090313182811364
77.75694487801762,13.00419760857625,9.96267862396508,50.2367079388201
77.7571911,13.0041122,9.947323448049875,51.229060451565914
77.75685369333334,13.005684693333334,9.901994544587714,38.43772760378732
77.7569941,13.007493400000001,8.420649424668227,42.72578295702841
77.75731646829269,13.007079807317075,8.974100247393164,44.227967953386745
77.4836228,13.0086986,1.5621086905583923,5.28040786598689
77.4831619,13.0094112,1.3770769672361984,9.868900218499636
77.48450045625,13.0082297375,1.6488049913603842,1.0924981791697013
77.4846445,13.0154999,0.48944333417712055,25.74654042243263
77.4886483,13.013665,2.345179224363087,28.769118718135474
77.4870229,13.0152174,1.2243717962952374,24.071376547705754
77.49154434814815,13.014109340740742,4.6134116213563745,13.911143481427532
77.49258070370371,13.014151866666667,4.637579158454397,15.030954115076476
77.49397730000001,13.01421555,3.7849989356159863,21.485797523670794
77.5062638736842,13.010016247368421,4.033491519642206,27.694828841951928
77.5055736,13.011723866666665,3.8472321373740592,24.563000728332117
77.50503508333334,13.012131016666666,3.397290069540135,22.378004369992716
77.5065581625,13.010981987500001,4.17382881407788,17.971595047341587
77.5075962,13.0111001,3.721286271416259,23.59796067006555
77.5078841,13.0123298,2.9337598361726474,27.840495265841227
77.4997381,13.0291779,0.370899707150246,14.2115804806992
77.5099408,13.0227518,0.6780603057590256,15.067370721048798
77.512549,13.0233206,0.8872565224827156,18.190094683175527
77.51113692666667,13.02519154,1.1751453062171782,16.769847050254917
77.5123178,13.0295242,0.981309315097703,21.686088856518573
77.51503166666666,13.027955,2.0658863345337695,31.2272396212673
77.5155666,13.0271065,2.45997563586828,26.21085214857975
77.5177046,13.0277664375,4.644510100356256,27.676620538965768
77.51835976999999,13.02794692,5.1499771346838426,26.292789512017478
77.5194933,13.0286583,5.079939158539856,30.79024034959942
77.4856467,13.0512514,4.702489075113984,26.875455207574657
77.48884393333333,13.051568033333334,6.211550096511106,31.627822286962854
77.49008102,13.051345399999999,6.625980398590144,42.46176256372906
77.4918117,13.05067815,8.483581336447473,41.89730517115805
77.49697586190476,13.048922142857142,16.301181673874975,70.66642388929351
77.49260272,13.050252080000002,9.808093406641797,50.54624908958485
77.49441450833334,13.050132016666666,13.039152505050826,42.607428987618356
77.492499125,13.051040675,9.35319018431059,53.841951930080114
77.49392045454546,13.051103136363638,11.199249238452069,46.35833940276766
77.49518007777777,13.049819744444443,14.29116966152227,64.31172614712308
77.4968487030303,13.04930730909091,16.10159188056838,68.2083029861617
77.4951885,13.0506536,13.256540736453738,60.797523670793886
77.50361984444446,13.031507677777777,1.4072514863919903,15.986890021849964
77.5043043,13.03639295,0.8941079705641186,13.729060451565914
77.50434539999999,13.037282866666667,0.8636597834307074,21.941005098324837
77.5044814,13.0367958,0.8805843355594191,18.053532410779315
77.504566,13.0383578,0.9148628147298692,18.053532410779315
77.5128723,13.0314068,1.6009055960509933,25.873998543335762
77.51280113333333,13.033519433333334,3.189496633652069,33.32119446467589
77.5102354,13.0369347,2.406456145389862,29.087764020393298
77.511368,13.0363172,3.59559143626638,50.309541150764744
77.51339301481481,13.035923687037036,6.029485302785117,34.94173343044428
77.51375,13.038098333333332,9.849886834317276,47.88783685360524
77.51448582105263,13.035601898245615,6.839996158719608,17.825928623452295
77.51565033333334,13.03539066,7.388174654539226,45.484340859431896
77.51896861428573,13.036051742857142,11.220959514741006,62.126729788783685
77.51812897333333,13.038496146666668,25.727098011364536,69.51930080116533
77.5184912745098,13.03886938235294,27.48127790986028,78.31391114348143
77.5180224372549,13.040144533333333,29.982160876949145,79.55207574654042
77.5186426274953,13.040056548210924,29.679261497120702,82.0284049526584
77.5051426,13.0420384,5.813120302006055,60.21485797523671
77.5053379047619,13.04548146190476,16.346373180851668,45.61179898033503
77.50823414999999,13.044765550000001,15.864811113833147,49.42643845593591
77.50676123125001,13.045377006250002,17.768003470406555,56.190823015294974
77.5076828917647,13.045444968235294,17.33306240421419,56.937363437727605
77.499828075,13.04697635,15.63123873401003,67.62563729060452
77.49827855999999,13.04874705375,16.736293509740474,63.47414420975965
77.49902625,13.0481663,16.79594929529686,61.653313911143485
77.50102709615385,13.047084161538463,15.370431930252588,54.62490895848507
77.5008171,13.0477512,15.626189605450879,60.67006554989075
77.4976274,13.0490128,16.55366862585318,62.65477057538238
77.50383452857143,13.046661314285714,14.507702232501536,66.31463947560088
77.507698575,13.04895405,10.139681360948414,58.33940276766205
77.507674588,13.049919460000002,8.351521845396071,51.16533139111434
77.50786203888889,13.050957027777777,7.436012406757501,57.67479970866716
77.5116733,13.0434453,9.12850727214931,38.56518572469046
77.51335900000001,13.042545,12.23130833555405,43.22651128914785
77.50862675,13.044117400000001,13.901203101230054,49.42643845593591
77.5111873,13.0438229,9.253558770129503,39.74872541879097
77.50871567142858,13.045225714285715,15.260351775843002,44.27348871085215
77.5113294,13.0438278,9.152163293276821,36.07064821558631
77.51447390615385,13.041716406153848,16.900016519588117,36.58048069919884
77.51644123999999,13.041764599999999,23.205045998129442,76.49308084486526
77.51460003809524,13.04246642063492,15.688832997017588,49.07137654770575
77.51727574,13.0410289,27.63402243529615,75.29133284777859
77.5189172125,13.041071875,26.8762960817397,71.55863073561544
77.51595904999999,13.0502786,1.0582219063656346,20.90313182811362
77.51478252,13.05116628,1.1396088421270287,7.137654770575383
77.5156408,13.050433675,1.0743251580891875,9.286234522942461
77.442553,13.0715267,0.4768328171099757,5.426074289876183
77.44902760000001,13.0679358,1.2524213563622857,0.9286234522942461
77.44967838,13.067480799999998,1.2546234381178776,3.641660597232338
77.45335143333334,13.065641133333335,0.9027407527950605,10.03277494537509
77.45180705,13.06699575,1.1305037236912194,11.252731245447924
77.44475153333333,13.070211666666665,0.7944847629492662,4.005826656955572
77.4463296,13.069246,1.0118916677398861,5.426074289876183
77.4473107,13.068859699999999,1.1270802809080094,4.461034231609614
77.4472311,13.0697662,1.035542022002842,5.426074289876183
77.44310005,13.07122285,0.5562556691455152,4.533867443554261
77.4491596,13.0684921,1.2264325890247294,5.772032046613256
77.46126350571429,13.060770322857143,3.803947340580532,32.246904588492356
77.47140593333333,13.057108399999999,3.524645567568149,5.3077203204661325
77.4725275,13.0568225,3.437017997825317,9.905316824471958
77.4737976875,13.0571057125,3.237727811336306,2.931536780772032
77.4753956,13.0569628,2.520781000043216,12.672978878368536
77.46642080416667,13.058466333333334,4.564424055097613,44.10050983248362
77.46563065000001,13.058836725,4.58941180530114,44.59213401310998
77.46657875833334,13.058987733333334,4.557088098149157,42.42534595775674
77.46890884999999,13.0583044,3.931432807675107,33.23015294974508
77.47053485,13.05770715,3.6241383148504114,23.452294246176255
77.47251305625,13.057493031249999,3.5406792692795657,2.822286962855062
77.4729363,13.05743595,3.476844337339952,10.943190094683175
77.47550515,13.05826395,2.2009480027012085,18.627093954843406
77.480149,13.054447000000001,1.7929675140483876,9.395484340859433
77.4781012,13.0558006,1.5315935814793957,7.028404952658413
77.47641043333333,13.056259366666666,1.9936035807158645,11.016023306627822
77.477522,13.0559552,1.6261836654118045,6.117989803350328
77.4810676,13.0550263,2.0861546209585917,10.906773488710853
77.4826441625,13.0542356125,3.0945225198032347,11.835396941005099
77.486004575,13.052949191666665,5.70263343973772,34.18608885651857
77.4848866090909,13.05347390909091,4.907964107155685,23.25200291332848
77.48569175,13.05347415,5.359821203342878,27.767662053896576
77.4814838,13.054648525000001,2.347186640090779,13.747268754552074
77.487299378125,13.052271584375,6.144709083547453,29.888929351784416
77.48844640715333,13.051827632336384,6.209153443564156,28.4231609613984
77.4893923,13.0534833,5.0509426230864145,38.7836853605244
77.4949468,13.0518762,9.970419897510263,39.69410050983249
77.5078037,13.0528023,8.062744058842869,40.404224326292784
77.50770306666666,13.054281333333334,8.97740804656206,32.99344501092498
77.50760425696203,13.055023584810126,9.056358274722854,25.091041514930808
77.507075,13.0567467,7.732883598307856,35.70648215586307
77.50733079,13.0566803,7.862886652685217,26.092498179169706
77.5024964,13.060489350000001,1.112299776818308,3.7509104151493085
77.5070735,13.0579488,6.181287299992033,39.27530954115077
77.50681400666667,13.0598321,3.8962560013171315,25.691915513474147
77.5047533,13.060285,2.656242335210358,5.9905316824471955
77.5068217,13.060247966666665,3.4833947262206837,31.409322651128914
77.5117663,13.0533824,3.0147216271478827,35.406045156591404
77.50441,13.0649633,0.7663548724340381,11.744355426074291
77.5046517,13.0642067,0.916690552904584,4.6886380189366355
77.5031932,13.0666671,0.6263414557954415,4.552075746540423
77.5037217,13.0692983,0.8185284152770839,7.192279679533868
77.50395055999999,13.070357519999998,0.88634361116425,2.348871085214858
77.50326021666667,13.072505183333334,0.8140185253631756,1.820830298616169
77.48646901578948,13.085203484210528,1.524639657936238,0.10924981791697014
77.494954,13.0882399,0.0860965665187331,12.827749453750911
77.488978,13.0933702,0.08650562071394924,12.827749453750911
77.50233954999999,13.080297550000001,0.4779549749912209,6.664238892935178
77.5021472,13.0807056,0.46733987423601797,7.665695557174071
77.5033583,13.0797,0.4503319908674271,3.860160233066278
77.5261954,13.0082642125,51.96116462068626,97.25054624908958
77.52676890872483,13.008680823489932,50.8818568874052,98.50691915513474
77.52678451666667,13.0094025,44.9970816548054,98.17916970138383
77.5282017,13.0086067,45.232874970452784,98.47050254916242
77.5279983,13.0093517,41.53222444086919,95.08375819373634
77.5274233,13.0106483,31.84720885921624,81.37290604515658
77.52884053076923,13.011590307692309,21.948933601057036,88.10997815003641
77.5286717,13.0120742,20.810899313461192,65.5863073561544
77.529655,13.012668333333332,20.896809509519464,75.50983248361253
77.5235756,13.0155316,2.01007029447877,66.98834668608885
77.52953183333334,13.013794733333334,25.853336838192313,65.42243262927894
77.5286247,13.0154924,29.9553472019167,83.73998543335762
77.52966107142856,13.015126892857142,36.316191090257455,86.99927166788055
77.53165295,13.00907385,12.20763614119463,35.888565185724694
77.53271835000001,13.010095,8.431486826875721,42.78951201747997
77.5343545,13.0113203,8.672953440733458,35.1238164603059
77.53586593846154,13.010710284615385,6.308490608731663,45.68463219227968
77.53494396111111,13.012977666666666,12.507267815565747,49.78150036416606
77.53618084285714,13.010483085714286,5.925935832981031,32.61107064821559
77.5374313,13.0092855,5.247281958129546,43.71813546977422
77.53935335,13.00895585,9.127878536780901,59.759650400582665
77.5360701,13.0105646,6.0501285169504335,41.97013838310269
77.5376571,13.012011,6.353149075094471,41.73343044428259
77.5311815,13.014364271428573,34.69552252541295,92.71667880553532
77.5326513,13.0141159,29.193977696420056,91.64238892935178
77.53102883225806,13.015357429032257,45.01147532467242,97.45083758193736
77.53425022,13.013461799999998,17.162279485640912,54.18790968681719
77.53127067018633,13.016771436645964,57.75772043595218,98.4340859431901
77.53166539333333,13.018078160606061,61.53316561000738,98.45229424617625
77.5319546125,13.0184517325,60.317186343944925,97.1048798252003
77.53869522,13.01409974,5.473210477129856,38.89293517844137
77.537100025,13.015147075,9.347322215124889,30.753823743627095
77.5375235,13.0149208,7.762640919765077,34.031318281136194
77.5389183,13.014805,5.401939654756071,18.99126001456664
77.53918804444444,13.017917288888889,7.540694948999466,16.46030589949017
77.5402261,13.0187583,6.617601225926215,32.97523670793882
77.5238951,13.0224075,1.6550599888698112,20.02913328477786
77.5292111,13.0201024,34.34864730786867,61.671522214129645
77.52847344999999,13.021101820833332,20.937032134094355,59.0313182811362
77.5303543,13.0211813,34.406992853011445,56.500364166059725
77.5286187,13.0216531,18.73140623482667,64.29351784413693
77.5200606263158,13.02513385263158,4.7191241532953585,38.328477785870355
77.52111076666667,13.025545866666667,4.727659415772728,39.38455935906774
77.52073620833333,13.026387791666666,5.451059676481389,33.430444282592866
77.5210521,13.0256749,4.860330739208211,41.05972323379461
77.52011555555555,13.027792777777778,5.644600740664901,29.49745083758194
77.5317515,13.019276849295775,56.567329005036015,92.77130371449381
77.53208116206896,13.019616886206897,53.45012000953446,91.05972323379461
77.53159992142857,13.020819364285714,42.516756683012375,86.23452294246177
77.5322942764706,13.020784152941175,42.24621143256934,80.26219956300072
77.53568375555557,13.02143708888889,17.82404387014099,46.4857975236708
77.5314307875,13.0216402875,33.81618882355505,66.78805535324108
77.53268025068493,13.022173698630137,28.189713655714282,73.98033503277495
77.53287230000001,13.02316887142857,20.09465961341246,66.80626365622724
77.53341775999999,13.021931200000001,27.755298991203283,65.13109978150037
77.535512475,13.02162225,18.106953736093356,51.347414420975966
77.53337243333334,13.023307333333333,18.36628662801843,69.26438455935907
77.5366767,13.0188167,16.379057554661763,28.914785142024762
77.53814158666667,13.01996886,10.140481678979125,26.79351784413693
77.53701886666667,13.020586108333333,13.263625061109813,19.05498907501821
77.53768751999999,13.020279669999999,11.212215314817586,32.128550619082304
77.53955349333334,13.01924052,7.553259667560822,26.493080844865258
77.54026245,13.018851699999999,6.583216248102833,29.60670065549891
77.53226586666666,13.026086266666667,8.667132697396642,49.65404224326293
77.5337207,13.024926859999999,11.92363120387686,51.42935178441369
77.5350279,13.0246496,12.249500567143397,15.367807720320467
77.5338731,13.0274297,20.008243557307654,11.571376547705754
77.5356727,13.0278308,39.62516517084531,77.05753823743628
77.534486275,13.029696075,45.064433906794484,83.52148579752368
77.5357847,13.0297316,61.34322286871257,83.30298616168973
77.53811425,13.02771805,54.530811996028106,79.0422432629279
77.5367735,13.02934525,67.25525094166474,92.75309541150764
77.53792486363636,13.029290027272726,71.2336087315305,97.5782957028405
77.53991891428572,13.028304914285714,62.46385446970872,86.63510560815732
77.5413703,13.0277977,54.37200162368836,84.6504005826657
77.53937767200614,13.028963336950866,67.54409765715292,95.52075746540423
77.54034204525425,13.028946420228086,62.81574857274491,91.31463947560088
77.54267888717949,13.00841563076923,27.433361179007832,48.87108521485797
77.543111718797,13.008507857142856,31.29263521032027,46.576839038601605
77.5433989,13.009926589655173,30.947035920785968,52.11216314639475
77.54514964285714,13.008267728571427,59.22922226160849,58.59431900946832
77.54655165555556,13.008153955555557,91.05492669676154,87.67297887836854
77.54354088125,13.011099549999999,25.295708984104543,51.93008011653314
77.5439905,13.0128206,16.991000661946202,25.236707938820103
77.5451177,13.011475050000001,38.27562145625039,13.47414420975965
77.54633665,13.010887499999999,68.91350602271258,7.556445739257102
77.5453917,13.013287,24.69615861745488,19.027676620538966
77.545895,13.0122967,41.6405731879478,8.976693372177714
77.54825504375,13.008015984375,137.92133317273357,82.97523670793882
77.54854158181817,13.008307910727273,149.67699136045604,81.75528040786598
77.54952313535352,13.009987212121212,209.96205688771173,93.48142753095412
77.5524376,13.009182,369.4909539306887,96.39475600873999
77.5498986875,13.010288513636363,235.59584959114528,92.89876183539694
77.55200456,13.00963422,364.978897883688,89.8761835396941
77.54785,13.0108167,121.01168277987662,88.60160233066279
77.54968735,13.0107961,222.5665131166932,91.66059723233795
77.5470742,13.0127585,62.412839620235324,2.986161689730517
77.55051366392046,13.011026621022728,282.08287240507985,91.56955571740714
77.55181888469055,13.011688547719869,374.29210213379184,83.43044428259286
77.5507907,13.0125636,270.10048183747523,95.1019664967225
77.55228546694914,13.012138497033899,389.3396231100983,87.39985433357612
77.54407409166667,13.0142535,10.90322905601962,20.120174799708668
77.54382259285714,13.015752921428572,6.9701003829769315,15.030954115076476
77.54364366666668,13.0161071,6.295495253140924,13.073561544064095
77.5415642,13.0179235,5.2883806246336675,33.94027676620539
77.54462747142857,13.0162759,7.528135769586804,15.09468317552804
77.54667435,13.0172956,11.024809148221182,19.992716678805536
77.5480769375,13.0142022875,65.95097344503422,26.620538965768393
77.54861835,13.015335,55.525172100966536,43.99126001456664
77.5505572,13.014421116666668,160.40916130296628,46.595047341587765
77.551424675,13.013845475,239.90996558044924,97.6693372177713
77.55016984666666,13.01563506,88.17998890790774,50.74654042243263
77.5523507,13.015097500000001,184.19531306734476,71.99563000728332
77.547435,13.0166461,19.178127470368793,48.88929351784414
77.54947881000001,13.016665510000001,43.02662920582946,44.55571740713766
77.54788636666666,13.017723366666665,14.80292915549232,30.990531682447198
77.548831,13.01777679090909,20.33039419876441,48.10633648943919
77.54990758611112,13.01619011388889,62.673571409082335,46.04879825200292
77.55459768117646,13.00848356450128,378.0647930137895,90.27676620538966
77.55283348333334,13.009835383333334,420.5308954933955,91.95193008011653
77.55445223653251,13.009853103715171,448.39238430581105,87.43627093954844
77.55568086708634,13.008448900179856,339.6047531963917,90.80480699198836
77.55690170759493,13.00796633670886,238.7082126348051,85.61544064093226
77.55572940799999,13.009315248,374.86824823892147,92.55280407865986
77.5568067,13.0103367,297.86911894465624,96.99563000728332
77.55272265714287,13.011780364285714,424.68399514397674,89.00218499635834
77.55453855522022,13.011317124551386,450.78467344980317,86.6897305171158
77.5531030159311,13.012287041442413,416.7904376747379,87.4544792425346
77.55442290540542,13.012509385855855,400.78755943691834,87.05389657683904
77.55579065,13.01127645,376.5167999043467,95.32046613255645
77.5600349,13.0081694,56.51414591094099,36.762563729060446
77.562952975,13.008966387500001,14.495869649249203,18.2993445010925
77.56284112,13.0096146,12.749612471568204,20.302257829570284
77.55378710000001,13.013629933333334,326.4487268177197,90.3495994173343
77.55414735526315,13.01379805,308.2192767508703,86.39839766933721
77.55505954112151,13.01527263364486,172.10587371524386,81.11798980335033
77.5559633,13.01341,258.0613835012411,96.50400582665696
77.55681032666666,13.014364513333334,154.22714599957692,73.1427530954115
77.55544758991148,13.015418127422029,153.5543594314211,90.14930808448652
77.5549561,13.0163197,114.83697796875157,87.81864530225782
77.55350843529412,13.01848274117647,45.1040879387256,52.29424617625638
77.5539627,13.017790900000001,62.50617792754473,76.45666423889294
77.5562355,13.0163618,94.20885408253666,83.87654770575382
77.5571088,13.016724733333334,70.33685363716214,89.03860160233066
77.55749126666666,13.018393457777776,47.42587075451645,73.39766933721778
77.5594894,13.0153503,37.45609336597195,63.09176984705025
77.5605583,13.0172349,22.604846772028093,66.38747268754553
77.55846767664917,13.018459463358326,40.506333178140444,80.4624908958485
77.5594932125,13.018165425,32.616482526452124,75.25491624180627
77.5523049,13.0196726,23.969981416297006,52.87691187181355
77.55189512666666,13.021143433333332,14.847532574425179,59.74144209759651
77.5482808,13.024035300000001,9.084514278833545,52.458120903131835
77.54903414451877,13.023811818870053,8.442484190183194,54.02403495994174
77.55053405999999,13.022609639999999,9.50781100530933,49.03495994173343
77.55153734545455,13.0221234,11.337649765524429,47.378004369992716
77.55034069999999,13.0230706,8.80797706707293,54.40640932265113
77.54388996285714,13.026631100000001,34.73550737244967,87.03568827385287
77.54653822,13.025028119999998,14.355463411253147,62.98252002913328
77.54478497,13.026413289999999,27.900252507005135,75.94683175528041
77.5459666,13.02576635,18.75992601697983,61.726147123088126
77.5422519529762,13.027781849404763,49.63561706090728,91.9155134741442
77.54322442035398,13.027298454867257,41.83348198324082,64.32993445010925
77.54436559999999,13.027550066666668,33.10690655765239,70.17479970866715
77.54739065833333,13.02468105,11.197085511894775,57.319737800437
77.55320082333333,13.019244003333334,32.45617543609388,59.43190094683175
77.5542324,13.0201669,27.938585124541557,52.67662053896577
77.55591135925926,13.01977391111111,36.664761928755475,58.50327749453751
77.55755580995441,13.019122013964845,41.47077766160328,74.96358339402768
77.5558492,13.0203011,31.450298394054663,63.94756008739986
77.55327714,13.02196496,13.98929248652093,35.34231609613984
77.5566042,13.022392,14.502042696911023,19.992716678805536
77.55663634999999,13.0225435,13.46183483914183,16.69701383831027
77.5570611,13.0236591,7.284520235123641,19.992716678805536
77.55806631666667,13.019517641666667,36.471459800143876,71.64967225054625
77.56236185714285,13.019898185714286,9.399557503348921,48.215586307356155
77.5628924,13.0210402,6.45589521028929,51.72978878368536
77.56307373529411,13.022351447058824,5.130828602905551,8.120903131828113
77.5627597125,13.02371925625,4.740685772748712,21.55863073561544
77.5574408,13.0249242,3.648698752953421,10.506190823015295
77.559003,13.0251005,3.957111549648843,19.70138383102695
77.5627783,13.0243233,4.598461453749391,26.638747268754553
77.56179035000001,13.026418083333333,5.703173798045799,27.5673707210488
77.56192429464845,13.028290044368491,8.70794679785916,26.438455935906774
77.5621155,13.0283234,8.610020396055496,28.750910415149306
77.56150867777778,13.028739222222221,10.155380393513141,26.31099781500364
77.5623952,13.029142025,9.934303836786121,22.796795338674436
77.5303258,13.033791099999998,6.184950843100644,45.17479970866715
77.52999177407406,13.034478418518518,4.732790488938912,30.48069919883467
77.52156563333334,13.0371517,10.450612926458955,74.19883466860888
77.52029002307692,13.03853266923077,21.203210204440975,69.3008011653314
77.52150576666666,13.038439433333332,14.729836693789924,84.8871085214858
77.5345594,13.029954974999999,47.40237498406238,83.66715222141296
77.53562649484536,13.030892138144331,60.94175308998997,93.2083029861617
77.534186925,13.0322900875,37.63483645895173,55.28040786598689
77.53531068636363,13.031199822727272,56.50859176727571,83.83102694828843
77.53052666666667,13.033788333333332,6.775063554757048,44.664967225054625
77.53280035,13.03331725,19.228528275298128,32.21048798252003
77.53076853333333,13.034262166666666,6.8223979659240515,22.97887836853605
77.534040116,13.033313748000001,27.79006181322064,43.09905316824472
77.53438021111111,13.034600422222221,18.104765456026293,48.761835396941
77.53669256190699,13.030484936677365,69.79972488053744,89.32993445010925
77.53814674218751,13.030043840625,72.29824002392999,97.88783685360525
77.5407268,13.0321971,28.802670251763722,95.12017479970866
77.5356512,13.0363704,8.01344194350494,58.01165331391115
77.535385675,13.0374500875,4.749503441578083,21.5768390386016
77.5308141,13.0397727,1.5249022189876622,35.906773488710854
77.5209389,13.0439031,8.315808574261261,66.442097596504
77.52189361430236,13.045495341987067,5.84338417257522,47.796795338674436
77.5239367,13.0446083,5.125048357415119,26.40203932993445
77.52253481538462,13.045982030769231,6.153252961464592,52.057538237436276
77.5277404,13.0416247,2.1493052400465964,36.19810633648944
77.52535655,13.04338845,3.561428427762684,39.76693372177713
77.5276561,13.0422194,2.277526299004754,34.613983976693376
77.52781163333334,13.042095933333334,2.212462681802923,38.94756008739985
77.52261554615384,13.046504415384616,6.563375921825299,43.79096868171886
77.52552447142857,13.050355164285715,16.900836190812864,46.13983976693372
77.52553145497383,13.050498853926701,16.885010861966382,41.91551347414421
77.5383443,13.0445233,2.08331399544926,45.812090313182814
77.541207375,13.045858325,7.035610415049348,56.82811361981064
77.5402667,13.0463449,6.222303945949696,51.11070648215586
77.5530902,13.0298736,2.936569628482031,93.46321922796795
77.554037625,13.0324963,13.015431482058128,85.360524399126
77.55399059999999,13.032923199999999,13.745749967622643,79.02403495994173
77.55543192857144,13.033524371428571,25.76562923467824,85.48798252002914
77.55791936086956,13.033723626086955,38.03836013470508,88.05535324107792
77.55623977,13.03404515,31.79850889956874,79.27895120174799
77.55734820932312,13.034550998915112,35.34650715576155,96.4857975236708
77.56024500526316,13.03054234736842,19.483579110356548,30.58994901675164
77.55885894166667,13.032298541666668,33.38183124482052,92.31609613983977
77.55952992499999,13.031623549999999,27.74865505436422,88.51056081573198
77.5620523,13.0301387,12.894779366594912,31.99198834668609
77.56270242857143,13.0299887,10.947339865530502,23.852876911871814
77.55833421162791,13.033194368604653,37.48813741026597,85.9796067006555
77.5575566,13.0358442,27.118586786764187,91.46030589949017
77.5469753,13.0416513,1.8410251370166726,9.905316824471958
77.5415654,13.045982949999999,7.6349234528987076,52.40349599417334
77.5471835,13.041673699999999,1.9122867074143062,5.3077203204661325
77.5505356,13.042712,3.35299857777248,18.20830298616169
77.5524374,13.0434429,3.6460879392444587,6.172614712308812
77.54809423,13.045404510000001,8.328969954484718,25.109249817916968
77.5488656,13.0457025,8.874442158696544,24.927166788055352
77.5502722,13.0455748,8.10964852193087,21.813546977421705
77.551515,13.0461875,8.726854179425656,10.315003641660597
77.54219804,13.04686203,9.432839111777461,56.209031318281134
77.5435056,13.0473839,10.617289028512936,44.27348871085215
77.54250105555555,13.047816466666667,10.218456485528412,54.15149308084487
77.54324108181818,13.048747127272726,10.281981139803113,48.15185724690459
77.54349328181819,13.049214972727272,9.839007610456106,60.68827385287692
77.54675965,13.049284400000001,11.026688425586821,43.372177713037146
77.54961423333333,13.0471472,11.547968650806805,15.640932265112891
77.54774905833334,13.048859966666667,12.15529517356091,36.671522214129645
77.5496117,13.0488221,14.880175137309624,36.361981063364894
77.55007406666667,13.048646733333333,15.31074498849189,34.322651128914785
77.54744874444445,13.049088022222222,11.790843296800924,35.178441369264384
77.5498268,13.0491076,15.801421365867911,48.4340859431901
77.55224472,13.0514241,22.910417471152037,63.619810633648946
77.55300143333334,13.0435054,3.5384157986365206,0.7283321194464676
77.55441813333334,13.0431466,2.9637969459131592,6.463947560087401
77.557355175,13.0415755,1.9702679589900225,4.406409322651129
77.5571801,13.042238574999999,2.0386483466421494,2.3124544792425343
77.55330702,13.043624160000002,3.564631377954268,0.9650400582665695
77.554214925,13.0439945,3.6349113336993195,5.49890750182083
77.5571886,13.0440198,2.485728295341941,14.457392571012381
77.55639676,13.045741920000001,3.883945608190404,16.860888565185725
77.556698075,13.0454326625,3.3948935523577233,7.7749453750910416
77.5544337,13.04832095,13.110945899347831,62.5455207574654
77.5555902,13.0487071,10.575399878404877,72.03204661325564
77.5531934,13.05007384,21.94541102337627,74.63583394027677
77.5540406,13.050209,19.837167231926653,64.82155863073562
77.55280948790323,13.050813267741935,23.26743397810892,63.56518572469045
77.5636367,13.0081107,19.792381083704203,26.420247632920614
77.56825154444444,13.008818477777778,135.6531349679158,73.5797523670794
77.56877768000001,13.01053156,86.80207715353305,50.25491624180627
77.568908425,13.01159035,53.089916784305956,54.58849235251274
77.56895745,13.01206245,40.905306013187655,60.76110706482156
77.56984817882353,13.008504999411766,194.73709280699998,84.30444282592863
77.57096097973762,13.008289049708454,207.9345978304206,87.3088128186453
77.569458,13.0092729,154.06856552184956,80.08011653313912
77.57105366428571,13.009534557142857,150.93966707415774,88.94756008739986
77.5717929,13.0086558,177.99380004625016,98.87108521485798
77.5690835375,13.0114833125,58.04543939932912,52.51274581209031
77.56905440909091,13.012527200000001,31.179334028455546,23.889293517844138
77.572322,13.0145753,6.050225244619985,21.085214857975238
77.57405295,13.0144193125,4.279007631537903,8.73998543335761
77.5776084,13.0079077,24.1120424687754,56.26365622723962
77.57976526666667,13.00803398888889,20.205789148441085,56.31828113619811
77.5796554,13.009747,14.246553113911714,51.802621995630005
77.57948834999999,13.01149145,7.674960495440523,46.72250546249089
77.58043480294117,13.008785544117647,17.496250605389733,51.12891478514202
77.5805466,13.0094865,15.073923609489635,52.640203932993444
77.58347802857143,13.008846114285713,10.997813726930056,39.93080844865259
77.58368263333334,13.010213366666667,9.468657727157023,43.463219227967954
77.5835862021739,13.011038008695651,8.631092923669938,42.91697013838311
77.5842633,13.011215,7.6001608471085955,30.353241077931536
77.5837556,13.0128553,5.751215063804708,35.79752367079388
77.5745152,13.0146362,3.232758218815506,16.842680262199565
77.5760828,13.0143535,2.306335848986836,2.0757465404224327
77.574646425,13.014738825,2.9268067728664846,8.011653313911143
77.5796772,13.0139987,2.5309397790361174,24.526584122359797
77.5837232,13.014401533333334,3.787039393861238,28.250182083029863
77.5847871,13.014503399999999,3.660539235501223,29.752367079388204
77.5840647,13.0170729,4.648420915189076,25.40058266569556
77.5843289,13.0167994,4.3795890486287306,22.39621267297888
77.5852617,13.0186783,9.907409765446497,50.983248361252734
77.57149861428572,13.028311678571429,50.13722180069719,72.14129643117262
77.5699257,13.0296433,33.166361618640295,69.0094683175528
77.57087994213836,13.028958267295597,44.1425166080119,75.54624908958485
77.57256316303031,13.028146546060606,57.06016058613659,68.95484340859433
77.5736689545098,13.02799248627451,59.56436101348616,70.22942461762564
77.57187105,13.02844065,53.06385266325801,74.50837581937363
77.57345118333333,13.02850805,58.9286074343119,77.5673707210488
77.5847691,13.019218127777778,12.15610306894032,70.55717407137655
77.58394276666667,13.020570744444445,18.932291951434323,74.05316824471959
77.58424941428572,13.020722957142857,20.640984716490685,68.04442825928624
77.581951,13.022063,18.91168737868145,74.43554260742899
77.5845393275862,13.022231258620689,31.70293576653424,73.41587764020393
77.58488905770386,13.023546706777044,38.79207017463207,63.14639475600874
77.57697116,13.026424420000001,42.170850246123145,69.88346686088856
77.5784265,13.027025799999999,38.66488390175149,56.463947560087405
77.57950189940954,13.026898883045758,34.348533575650606,54.44282592862345
77.57520967625899,13.027660363309353,55.5670985964007,63.58339402767662
77.5765032578125,13.0273895046875,48.71132997650276,61.16168973051711
77.57776617307692,13.027256973076923,42.01410045016246,56.418426802621994
77.57925715846154,13.02723703846154,35.32766148213757,45.66642388929352
77.5785502,13.029306,29.345364897942012,37.909686817188636
77.57894905,13.0289715,29.93262209578754,55.89949016751638
77.580982275,13.02535715,29.037186433125154,51.25637290604516
77.5819364,13.024932049999999,30.51359208653392,69.95630007283322
77.58027723000001,13.026323819999998,31.567314621244442,51.38383102694829
77.58527361807229,13.024940983132531,40.22532836434915,64.69410050983248
77.585317175,13.025992375,37.63581859263556,73.92571012381646
77.58092374444445,13.028293777777778,26.304074540032083,42.352512745812085
77.5809292047619,13.029138057142855,21.693445625654995,42.49817916970138
77.5836649,13.027668,28.260646135160663,59.8871085214858
77.5907938,13.0100208,5.070710301389619,26.128914785142026
77.58998766666667,13.010886316666666,3.920282657481456,19.21886380189366
77.5884855,13.01291745,3.2582409627259032,18.09905316824472
77.5917417,13.0082983,8.255314064619116,35.14202476329206
77.59261073333333,13.008090600000001,9.352721485453012,35.57902403495994
77.59111775000001,13.01037665,4.935195501595556,19.21886380189366
77.59484526666667,13.0110776,3.848970189884177,11.380189366351058
77.59517957058824,13.010894988235295,3.7488439789524186,5.116533139111435
77.59376355,13.01270845,3.5652618661009745,11.85360524399126
77.58895116000001,13.016740160000001,7.18282890049791,13.692643845593592
77.59059368000001,13.01687934,9.631930726396973,18.718135469774218
77.5891933,13.0183851,10.746657008638628,27.867807720320464
77.592055,13.0155917,7.250256676600779,25.327749453750908
77.5926826,13.0149106,5.6983897615131776,22.359796067006556
77.59375969999999,13.01381755,3.826548212428333,19.865258557902404
77.59155109130434,13.016820930434783,10.2353695705147,21.394756008739986
77.59201981714286,13.018156054285715,14.341934187966078,32.71121631463947
77.5961033,13.018265,6.406636301237502,40.986890021849966
77.59226844666667,13.01889656,16.926030450146477,46.90458849235251
77.59238520714287,13.019880650000001,20.551337346492335,48.0517115804807
77.59261472658227,13.02096972278481,24.363012579266215,52.75855790240349
77.595581825,13.019911825,11.857133153612521,45.92134013109978
77.59417726666668,13.020302466666669,18.793490717327387,62.563729060451564
77.5925590409836,13.022164655737704,27.274087919085925,55.55353241077932
77.59274366074766,13.023541573831777,27.107996518399165,56.900946831755284
77.5941683875,13.0242277625,21.536664120569387,54.861616897305176
77.5855264,13.025405866666667,39.12934105483378,77.29424617625638
77.58706835,13.0250323,34.15685099080879,73.32483612527312
77.58566666,13.026379154285713,35.742293609569586,55.91769847050255
77.58780268000001,13.02630988,28.15037546684093,58.658048069919886
77.58922376363637,13.024606690909092,25.22052829766467,43.7727603787327
77.59026178666666,13.024605713333333,24.05994326302986,44.02767662053896
77.589032275,13.0265534625,22.151836488828444,38.18281136198106
77.58601949708029,13.027698047445256,29.506535834391066,37.509104151493084
77.58646885263158,13.029031784210526,26.391040081465786,48.962126729788785
77.58707205,13.0292642,27.511738454171127,44.646758922068464
77.5916646,13.02502508,23.041856883753315,46.44938091769847
77.59319347619048,13.024615388095237,23.307918314014206,58.557902403496
77.5919524,13.0266506,15.634094126963356,44.44646758922068
77.59319642,13.026307500000001,15.337990718075327,45.64821558630736
77.59400927307692,13.024397603846154,21.63654711411996,54.36999271667881
77.59445704999999,13.026141899999999,12.878614079040355,50.218499635833936
77.5934731,13.02876575,7.5875348167453955,33.10269482884195
77.5967177,13.0228768,10.257694446478185,56.345593590677346
77.60082236666668,13.0226873,1.7997560590142283,3.9694100509832486
77.6004004,13.0232679,1.9486672731565107,24.854333576110708
77.6008964,13.0229613,1.7602209277988625,9.268026219956301
77.60266765,13.02199965,1.2502649695169334,7.8386744355426075
77.60342505,13.021863100000001,1.0544611999864506,7.8386744355426075
77.6072299,13.0290165,0.5686489980371708,7.447195921340131
77.56370496,13.03092192,9.71693160712044,29.40640932265113
77.56384731600001,13.032064700000001,9.746464032671733,14.475600873998543
77.56822296666667,13.031843683333333,13.950932946324466,23.324836125273123
77.5639314,13.032636299999998,9.412854423917347,13.328477785870357
77.5657033,13.0334455,7.673139024981278,23.962126729788782
77.56882385,13.0336362,10.844514351629064,28.45957756737072
77.56806152777777,13.034608588888888,8.697907582760575,28.55061908230153
77.5702827,13.0306948,29.95161355103614,62.27239621267297
77.5705497,13.0309951,29.150571385871974,56.39111434814276
77.56978125555555,13.032329144444445,17.25585973466408,17.89876183539694
77.5732886,13.0306992,38.44271186946955,76.27458120903133
77.5729551,13.0319373,24.70877988752898,4.825200291332847
77.56944378,13.0327764,14.415479541932347,25.0
77.57230065,13.033194175,15.684564719409309,12.891478514202475
77.57179825,13.0342324,11.780601725724132,11.707938820101967
77.56615165,13.036325000000001,6.546757780322504,25.41879096868172
77.56605382222223,13.037558933333333,5.728110505214789,11.96285506190823
77.56722441875,13.03560629375,7.486528672439487,13.546977421704298
77.56624175,13.03792445,5.5298945366562045,10.961398397669338
77.5682675,13.0378447,5.767097751938148,21.01238164603059
77.56480183333333,13.038320833333332,4.394824871887182,9.14056809905317
77.5660338125,13.03863775,4.834333649060446,3.7691187181354695
77.56626906923077,13.038704853846154,4.851336936611712,5.735615440640932
77.568569,13.0388844,4.667265686626217,13.091769847050255
77.5662741,13.0402034,3.373542388910663,13.801893663510562
77.5697134,13.036036,7.781317396756992,14.2115804806992
77.57166317142857,13.036036728571428,9.361520821903582,23.279315367807722
77.5700962,13.0378537,6.011555291810909,5.699198834668609
77.5717168,13.0355737,9.801605206493244,21.412964311726146
77.5717376,13.0370406,8.580878866987682,23.670793882010198
77.57434726428572,13.037123264285714,11.256918685460723,26.857246904588493
77.5741135,13.0382453,9.435176953633873,37.29060451565914
77.5731495,13.0405157,5.466056287764624,24.490167516387473
77.5753133,13.0305817,33.31636418707459,4.916241806263656
77.5752182,13.0323661,17.01769098340785,6.209031318281136
77.57701018888889,13.031654488888888,16.373142542249813,0.14566642388929352
77.5775817,13.0307517,21.332204321316873,4.0240349599417335
77.5773137,13.0314585,16.760347217958806,2.7676620538965766
77.5747614,13.0331251,14.1845901685124,6.154406409322651
77.57642,13.0338917,9.646905223119441,22.28696285506191
77.57549706666667,13.034651566666668,10.91724964605119,27.731245447924252
77.5760984,13.0344425,9.971729286331328,43.75455207574654
77.58097655833333,13.030379349999999,14.37055234115529,46.959213401311
77.57500312272727,13.035893681818182,11.650283536140007,24.326292789512017
77.57466197538461,13.037092498461538,11.243106061153886,33.448652585579026
77.5685972,13.0412859,2.9286962810305717,14.156955571740715
77.5700353,13.0418179,3.611376364185473,9.732337946103423
77.57024231428571,13.042751842857143,4.679022654714672,2.603787327021122
77.5704808,13.0431546,5.744172877069767,3.5324107793153674
77.57251845,13.0414606,5.340894486650494,5.863073561544064
77.57077616000001,13.044296059999999,9.78200926282909,8.776402039329936
77.5710806,13.045097,14.567583546104068,28.514202476329203
77.5686167,13.04714025,6.095155881646654,25.309541150764748
77.5701405,13.0473397,13.883275050398314,37.32702112163147
77.57119016875,13.04732630625,22.85823653228583,35.65185724690459
77.5714158,13.0476418,25.352083846686494,70.68463219227968
77.57225472,13.047396094285714,35.39868842159268,56.91915513474144
77.57396587924529,13.04743833018868,58.35902555524834,83.90386016023307
77.57536632499999,13.042401374999999,11.125216354204511,59.914420975965044
77.5806055,13.042419,3.7921997929035505,14.64857975236708
77.5820435,13.04265885,2.9292270082260887,12.144938091769847
77.58431269166667,13.043676308333334,3.2514164947431623,13.67443554260743
77.57554878807339,13.047338432110092,70.40055546493227,73.48871085214857
77.57620628008658,13.047499203030304,70.17582077400913,76.9482884195193
77.57577859999999,13.047695599999999,70.75846352223981,79.95265841223598
77.57625591666667,13.047756562162164,69.71082933566294,81.2272396212673
77.5774254,13.047634,60.332985256124076,83.59431900946832
77.577970859375,13.047799840625,52.84929351247541,78.7509104151493
77.57918274999999,13.047729516666665,35.23886003916727,75.65549890750182
77.57550925,13.0499511,46.38493031569824,87.83685360524399
77.57494632307692,13.050798453846154,32.160951143811765,81.06336489439184
77.58073576666668,13.046862833333334,16.35490970743515,71.68608885651857
77.58709286666668,13.030222216666667,35.85827557043615,56.55498907501821
77.587621625,13.032173675,96.18313841773276,91.6788055353241
77.5900597,13.0321507,104.34925557893179,99.08958485069192
77.5874555,13.03286405,121.78958361676688,96.21267297887837
77.58851331858408,13.033576990265486,177.86339239885763,87.32702112163146
77.58890103096742,13.034987007117673,226.52731360999744,86.05243991260014
77.58996334,13.035047220000001,215.20137604556373,90.85943190094683
77.58910390563646,13.035539923563329,228.91839901623405,84.97815003641661
77.58970104666668,13.03621504,211.46644299310742,91.82447195921341
77.58948290000001,13.037425855172414,168.9211942390669,86.32556445739257
77.58961840454545,13.037469363636363,165.08916038064734,88.401310997815
77.58919570714285,13.03872685,108.14536810961033,52.22141296431173
77.58965623888889,13.038725483333332,105.10711060533326,59.08594319009468
77.5894003862069,13.039860493103449,62.95834308306863,48.81646030589949
77.58981707377049,13.04005674262295,55.168680400853646,37.873270211216315
77.5912512,13.0371056,131.65781046870848,96.1944646758922
77.5913269,13.0404675,33.39820392069342,53.20466132556446
77.6038867,13.0354367,0.21935663795565144,12.163146394756009
77.58629256666667,13.042502399999998,9.529060863789232,40.02184996358339
77.58932592,13.04107572,33.59573841462477,53.15003641660597
77.58977943636363,13.041009413636363,33.96290775474851,48.36125273124544
77.5890992,13.0425685,16.147344520427502,52.85870356882738
77.59044300000001,13.042854875,14.008586066835,36.343772760378734
77.59055328509322,13.04371841306515,10.699316846751458,21.285506190823014
77.59073136666666,13.045373233333335,9.71051614339375,23.79825200291333
77.5911341,13.0433928,11.057399224513286,25.436999271667883
77.594050175,13.042188775,5.820527207642603,23.81646030589949
77.5911341,13.0445708,9.476625811634262,28.477785870356882
77.59122205,13.04587315,11.596045843627483,22.83321194464676
77.59175406,13.046914820000001,17.86079985126169,67.49817916970139
77.5921484,13.047773,25.178146125474417,68.29934450109249
77.5924346,13.048211725,29.41371452854871,71.77713037144939
77.59307986089966,13.04970855916955,39.37792995771092,61.343772760378734
77.59313865773196,13.05091014329897,40.320360602746874,77.85870356882738
77.5938738,13.049281299999999,36.21004831583033,70.06554989075018
77.5939377,13.05112417,37.7900111773192,65.00364166059724
77.6001621,13.0426321,0.7243805202631339,5.9176984705025495
77.60112835999999,13.04400874,0.9270563289105599,4.369992716678805
77.60116106000001,13.04574826,0.982871556647083,54.78878368536052
77.5246505,13.0519537,13.63732579682743,54.33357611070648
77.5198668,13.0591057,0.1715303019827348,51.310997815003645
77.5309504,13.0536656,2.587706798197023,56.44573925710124
77.53453305,13.055079955263158,5.4890464619398776,57.77494537509105
77.535180164,13.054951516000001,5.528926863195509,27.203204661325564
77.53783325,13.0545905,3.484402519524982,47.032046613255645
77.5338148,13.0577516,3.017005921352808,34.28623452294246
77.53035679999999,13.068032525,6.041072522356053,35.487982520029135
77.5300267,13.068801778571428,6.149347466542532,15.549890750182083
77.5297656625,13.0702192625,5.155791276977192,20.484340859431903
77.5342775,13.0637795,0.9056040992330426,30.535324107793155
77.53062535000001,13.0665572,4.679281082460865,38.71085214857975
77.5323346375,13.0662886375,3.6153797594595827,32.71121631463947
77.53111011666667,13.067514516666668,5.520132515535102,30.098324836125272
77.546818698,13.05688288,14.907293120697176,40.294974508375816
77.5510613,13.0531162,16.189495137242716,69.71959213401311
77.55187882857142,13.051998971428572,21.269548168193595,60.06919155134741
77.5472793,13.056873952631578,14.943965641214374,40.276766205389656
77.5455333,13.05815,12.539052407077286,47.30517115804807
77.54629471470588,13.058022347058824,13.98793554518778,40.54989075018208
77.5453658,13.0591969,10.070259691028891,54.69774217042972
77.5459008076923,13.058939776923078,11.58579833100925,40.14930808448652
77.54780973928573,13.057317253571428,14.454767897857401,37.96431172614712
77.5513413,13.0573201,5.383975809912732,55.44428259286235
77.55908312857143,13.058326271428571,0.8707214768919819,60.105608157319736
77.559236675,13.059404924999999,0.8380340906832151,5.881281864530226
77.5524418,13.0664254,0.15807114938730185,1.2017479970866713
77.5558258,13.0695323,0.5930162875404057,3.0043699927166787
77.5554823,13.07029,0.5799136164553451,6.5276766205389665
77.5561177,13.0717617,0.5687317890845436,6.5276766205389665
77.5565184,13.0726016,0.5414867712784217,7.073925710123817
77.558704,13.0687339,0.5440350905537414,4.233430444282593
77.55957345,13.06861295,0.4694356685725198,4.233430444282593
77.5479475,13.0799105,3.3821656872905868,23.39766933721777
77.54818224838709,13.081666703225805,4.403943268864835,31.609613983976693
77.54857109999999,13.081570666666666,4.381683574700952,28.168244719592135
77.54828211227039,13.082128069482339,4.3620078463384635,29.22432629278951
77.548943125,13.08221125,4.214293244452213,23.415877640203934
77.5571169,13.073797,0.5554899906806263,7.073925710123817
77.55846050000001,13.077161799999999,1.30004087683941,2.4399126001456666
77.55901116,13.078815299999999,1.7061212319966987,2.9679533867443557
77.5527605,13.0847076,0.6847809108782104,22.22323379461034
77.55907838,13.07985506,1.7660385356927666,1.2381646030589948
77.559655,13.08048,1.6931564405773565,8.94027676620539
77.5595570125,13.080954075,1.620457520624019,1.7662053896576837
77.5604633,13.082735,1.002874137740442,1.001456664238893
77.5552651,13.0859622,0.24209126010558826,12.764020393299344
77.5566159,13.0901038,0.10338605943993263,4.187909686817188
77.5681241,13.0522291,1.0034073857310823,28.587035688273854
77.573942,13.0624687,5.403637248593029,29.888929351784416
77.57500306,13.052650840000002,11.646975247741052,68.75455207574655
77.57527852857143,13.053479271428571,7.033344653016968,15.440640932265111
77.5760554,13.054943649999998,3.662968452673988,28.732702112163146
77.57668439999999,13.056816733333333,4.6517952098742725,31.536780772032046
77.5795692,13.0558715,2.4838059455279518,6.272760378732702
77.5768987,13.0580677,6.669309673016128,40.23124544792425
77.57673154858861,13.059754739274377,8.803720416283547,40.31318281136198
77.5798307,13.0590739,5.57961136526502,42.334304442825925
77.5757907,13.0606681,8.641089433866826,45.57538237436271
77.57640476950752,13.060392199989487,8.985221487722876,43.044428259286235
77.575794,13.0626466,6.843582228399841,39.34814275309541
77.57601724545454,13.06197689090909,7.833438497565306,47.52367079388201
77.58071916666667,13.059063833333333,4.994563029402369,31.099781500364166
77.5824128,13.058784466666665,5.512925231638015,19.30080116533139
77.58344217142857,13.058559114285714,6.854872685935743,27.36707938820102
77.58314136666667,13.058660433333335,6.463938971436583,22.505462490895848
77.5850093,13.059016391666667,12.89281328745449,29.770575382374364
77.585285,13.0626783,32.1285896491814,73.50691915513474
77.57116959999999,13.065011960000001,2.273379580566627,9.122359796067006
77.57201061111111,13.063565511111111,3.041499791281132,19.24617625637291
77.5702131,13.0665088,1.5493325158012046,6.272760378732702
77.57067244285714,13.0657696,1.9010881824442023,1.930080116533139
77.5695719,13.068,0.9564215146774999,6.272760378732702
77.56775644999999,13.07147345,0.2911935988603207,4.31536780772032
77.57276816666666,13.072038400000002,0.41358466277189104,0.3459577567370721
77.5733635,13.0717264,0.4272592187027963,10.23306627822287
77.576770625,13.063210775,6.1039739520276175,25.58266569555717
77.57756453333333,13.063785416666667,5.109740195963563,25.191187181354696
77.57833525000001,13.06437035,4.365544460369155,22.815003641660596
77.57869763333333,13.064544066666668,4.249610198190044,23.106336489439183
77.5797683,13.0679832,5.523079571011246,16.751638747268753
77.58522298333334,13.063251483333334,33.09464610114144,73.01529497450836
77.5839625,13.06475175,23.680733085506226,63.237436270939554
77.584446475,13.064419,27.696308888118534,66.18718135469774
77.5811765,13.0668502,9.19628993993052,10.688273852876911
77.58043284,13.06763201,7.345576531775573,8.812818645302258
77.5850908,13.0662005,51.38542620584728,66.26001456664238
77.579199,13.0686121,4.320084476081676,18.44501092498179
77.58078185,13.069006850000001,11.606067008854872,14.002184996358338
77.5814163,13.0702239,22.087661500392695,27.002913328477785
77.58458777,13.06850293,104.86700657376093,32.265112891478516
77.58518518000001,13.06992136,193.68820097438066,84.23160961398398
77.585359,13.0715052,226.52405150488843,95.59359067734887
77.5850587,13.0727163,171.70922182043853,84.86890021849963
77.58990576363637,13.054257281818183,16.87461369970155,58.048069919883474
77.5887667,13.0559567,13.574971385935303,50.910415149308086
77.59344595,13.051965500000001,36.4238249378329,72.45083758193736
77.59200924285715,13.054149785714285,26.677124468998738,28.823743627093958
77.59279565252525,13.053874753535354,28.48701341800533,25.60087399854333
77.5937081,13.0520223,35.415229423384005,75.71012381646031
77.5931349,13.055406783333334,25.48301270250135,54.6613255644574
77.5936411,13.0570616,25.301213813865846,67.80772032046613
77.59415145454545,13.055634045454546,22.30689794715893,46.995630007283324
77.594207825,13.056493099999999,22.284475042895068,50.091041514930815
77.58581029999999,13.0583392,12.678151108615458,42.188638018936636
77.58778797272727,13.05811579090909,18.57372406758789,24.599417334304444
77.58760112608695,13.059441295652174,26.523159325650365,51.092498179169695
77.5895374,13.0577533,23.835474966152486,54.52476329206119
77.5905517,13.0575091,26.678014444677167,66.89730517115805
77.5904893625,13.059319174999999,34.85619386208691,53.60524399126001
77.58732638800001,13.060995424,37.72020431385755,80.53532410779314
77.586563,13.0627013,43.51160968665625,84.54115076474874
77.5872156358209,13.062077082089552,44.84908945735924,78.16824471959214
77.588733,13.0604187,38.51778654776936,50.36416605972324
77.5895813,13.0608304,43.39506384340941,61.48943918426802
77.5898233,13.0623017,52.36618394920966,77.58557902403496
77.5915256125886,13.058281836583582,31.641339811179474,57.50182083029861
77.59317491223925,13.05819089699038,28.744229479886304,61.25273124544792
77.5916831,13.058893040000001,33.71089853742348,55.04369992716679
77.59288247381258,13.05900553562408,31.244137314091827,55.790240349599415
77.59374910000001,13.058547366666666,26.52139052555697,62.2177713037145
77.59287699285714,13.062553685714287,37.132730974685785,74.25345957756737
77.5990417,13.0590383,1.8542291837075622,44.84705025491624
77.586450528,13.06352242,45.4258127213297,83.0298616168973
77.5871451982659,13.063549094219654,50.859982774671536,76.38383102694829
77.5857619,13.0644557,42.02293740434541,73.25200291332847
77.58893688219179,13.06374482739726,57.905369427506805,84.77785870356882
77.59027211666667,13.063690210526316,55.10404355851569,83.72177713037145
77.5903996,13.0641705,55.504333822171255,88.0189366351056
77.59166817906977,13.063242455813954,46.83217072235557,76.52949745083758
77.59244485714285,13.06285755,40.81863724176509,82.13765477057538
77.5922125,13.067066,65.30772586129972,61.56227239621267
77.59279224602622,13.067812701933628,66.7856952982112,72.65112891478515
77.594350075,13.066443000000001,26.83923898763834,65.95047341587764
77.5942954625,13.0669510375,30.177202576739443,55.9905316824472
77.58597764444444,13.069558644444445,232.32080021862706,88.6380189366351
77.58797251034483,13.069470731034484,303.60751537313774,86.87181354697742
77.58663847088607,13.070078511392406,296.49794370348934,87.6911871813547
77.58764278291316,13.070490506232494,350.2731408297232,84.08594319009468
77.5884592095238,13.07061903095238,354.94793271041544,86.0706482155863
77.58594426666666,13.071757316666668,265.57866600261724,94.48288419519301
77.58798045235598,13.071292881909306,361.19662068152525,83.95848506919154
77.58750618888888,13.07249261111111,307.63247564592484,89.93080844865258
77.5883790271276,13.071528465175998,354.75169899235146,86.50764748725419
77.5904073,13.07197134,246.1519483491693,94.64675892206846
77.58880450555556,13.072477266666667,302.3682911264824,87.72760378732703
77.59020421973685,13.072632246052631,229.28607263223577,85.19664967225054
77.59264974761905,13.068887198095238,93.4481895655708,59.04952658412236
77.59188605,13.07022855,157.13162289850035,72.96067006554989
77.59253590905661,13.070341143312858,121.82871042301659,60.041879096868165
77.5943573,13.0698207,50.23882048358426,74.18062636562273
77.59183047162162,13.07205718108108,151.31953437607714,65.65914056809905
77.59291154512195,13.071530941463415,101.81187134672929,67.38892935178441
77.591503,13.072480844444444,158.4291547407019,67.11580480699199
77.59284351818182,13.07311878181818,76.97764628580855,66.24180626365622
77.6008406,13.0657444,0.425588905995876,17.516387472687544
77.603262075,13.072734975,2.274589918393652,44.97450837581937
77.6037022,13.07274525,2.3549096339182625,51.42935178441369
77.605732175,13.072030075,2.136915239911986,4.998179169701384
77.6052187,13.0724577,2.2892667484226243,50.01820830298617
77.5799528,13.0802993,0.4815265016373564,4.752367079388201
77.582925,13.084325,0.7746583320000379,3.1500364166059724
77.58197983333334,13.093714466666666,2.001947117667691,9.59577567370721
77.5805315857143,13.0946768,2.746776590768011,3.9876183539694097
77.58325196666667,13.095338466666666,3.3905652261396817,14.712308812818645
77.58797028333333,13.074276783333334,171.64938889043887,89.53022578295703
77.5919996,13.0751937,43.91415927325444,69.64675892206846
77.5926477,13.0774696,6.484122781949412,51.87545520757465
77.5935348,13.0818626,0.18226748167987947,58.621631463947566
77.59416340769232,13.092855988461539,25.89977200436887,59.86890021849963
77.59418629411763,13.093526666968327,28.001806231541288,57.283321194464676
77.59569859999999,13.093639249999999,30.042570506942653,78.22286962855061
77.59442036470588,13.09467415882353,29.30352197796564,59.231609613983984
77.59679493333333,13.09113385,14.05789700047113,71.79533867443554
77.5975805,13.0940156,32.08768231844816,40.51347414420976
77.59736686428572,13.095049257142858,39.36028746259139,86.74435542607429
77.60077892,13.093847160000001,24.26047200576497,75.32774945375091
77.600464725,13.095429962499999,41.87941808913497,84.46831755280408
77.60058225,13.09549475,41.698365194020504,83.7946103423161
77.61288768,13.0079349,4.654154128148879,17.407137654770573
77.61316962222222,13.008475933333333,4.094835807074934,20.848506919155135
77.6136305,13.0097381,2.9175906207144906,17.607428987618352
77.61341722,13.01150076,1.5975465583551884,15.20393299344501
77.6168571,13.0137404,0.6993762776299318,27.421704297159504
77.61822813333333,13.017364866666668,2.1428818351063796,20.538965768390387
77.6182561,13.01747315,2.1924985260476517,26.019664967225054
77.62490716666667,13.011075833333335,4.910140130991534,59.723233794610344
77.625412,13.011627366666666,5.362567378360919,51.50218499635834
77.62621855,13.0127899625,5.9603414566956445,44.79242534595776
77.62676666666667,13.012841055555556,5.8847914822686755,45.73925710123816
77.61876235,13.01860715,2.507864197489621,24.98179169701384
77.62645515,13.0136339,5.739377633427066,50.127458120903135
77.62748723076923,13.01457386153846,4.5923133425327824,26.893663510560817
77.61271343333333,13.020751116666666,2.534948603145325,10.724690458849235
77.6085538,13.0235074,0.870036446291235,1.9938091769847048
77.60933262500001,13.0233971,1.065087430501663,2.1849963583394025
77.6127343,13.021637,2.475627754101817,11.462126729788784
77.61257975000001,13.02306715,1.9449762180995553,11.462126729788784
77.61379766666667,13.020598133333333,2.784866668531256,6.190823015294974
77.6150641,13.020619666666667,2.843769283398909,12.618353969410052
77.612090675,13.02659885,0.7109940882875316,7.337946103423161
77.6074936,13.0292489,0.5672773977201786,7.447195921340131
77.61888316923077,13.01966433076923,2.504061692009018,20.630007283321195
77.6189725,13.0204828,2.2831676382035173,25.637290604515663
77.61948525,13.023933249999999,0.9385427684816846,16.023306627822286
77.6271216,13.023676,2.7995779197111883,13.292061179898035
77.6210183,13.0267467,1.7559558589159503,21.740713765477057
77.6232037,13.0265829,2.3684777165808795,15.604515659140569
77.6206967,13.0290083,3.8110007822847454,31.846321922796793
77.62198765,13.0287969,4.7596416137099995,22.469045884923524
77.627525,13.02487,3.9204988165082644,19.819737800436997
77.6287663,13.0255421,4.667488036804857,20.04734158776402
77.627646475,13.0258827625,4.453923108959524,24.01675163874727
77.6283408,13.026125866666668,4.752411261242134,23.37946103423161
77.63675620000001,13.01381425,0.6453292187390143,1.9664967225054626
77.6359506,13.0156306,1.000467392920214,2.467225054624909
77.639551,13.014117833333332,0.9614872097640966,3.204661325564458
77.636245,13.01708,2.1825939978683655,2.467225054624909
77.6364088,13.0177206,3.1900842515924976,5.535324107793153
77.6393786,13.0172507,3.769150051242975,7.356154406409322
77.63940842857143,13.018642457142859,7.28877378654112,4.09686817188638
77.6421826,13.0084303,0.38876312593875745,6.755280407865986
77.6455206,13.01086815,0.49898348724973923,5.162053896576839
77.6483628,13.010264,0.4208935027934262,0.7101238164603059
77.64656980000001,13.0129134,0.5847061806640058,5.3532410779315365
77.6413417,13.0140817,0.8688817342354735,0.528040786598689
77.642075,13.0138917,0.762733857929711,1.3109978150036417
77.6424633,13.0187417,4.450765501079853,7.893299344501092
77.64898135,13.01442845,0.5918343511525668,3.168244719592134
77.6496273,13.014871,0.6008428572290293,9.777858703568826
77.63010125,13.0194927,0.6739014357674059,10.67006554989075
77.6331283,13.0241067,4.285169176571877,5.098324836125273
77.6339899,13.0238595,5.464890923749355,13.874726875455206
77.63705053999999,13.02095694,12.642887093253208,36.41660597232338
77.63953402,13.01914946,8.891424582963516,17.698470502549164
77.63889032727273,13.021347663636364,15.905915242472876,40.968681718863806
77.63911970000001,13.02135865,15.850480041353814,38.96576839038602
77.63728950641236,13.022409666782684,15.106648940225522,32.92061179898034
77.63702470000001,13.02294835,14.16052527595549,42.09759650400582
77.63807631075268,13.022456125806452,16.45827279909223,31.136198106336487
77.63968776666667,13.022183826190476,16.09418909782631,36.03423160961398
77.63972386,13.023549929999998,14.303485563590934,37.163146394756005
77.6301765375,13.0254756125,4.556049073392714,14.694100509832483
77.6315968,13.0246138,3.855744986174578,16.524034959941734
77.6306488,13.0257111,4.524042443591022,22.341587764020392
77.63097535,13.026177466666667,4.517330279736982,16.642388929351785
77.6320607,13.0274516,3.9373994993183943,12.39985433357611
77.63126966666667,13.028823833333334,3.7954318243014,20.284049526584123
77.6325364111111,13.027578233333333,3.6842073188091913,24.471959213401313
77.63988845,13.02512585,9.08745533396989,42.57101238164603
77.642583,13.0190124,4.7479966079102285,7.893299344501092
77.641019,13.021445,12.631393648607336,27.157683903860157
77.64180575,13.02140565,10.437072100675392,9.650400582665695
77.64326439999999,13.019454249999999,4.428250902093844,1.9118718135469774
77.64326445,13.021198850000001,6.547229138659374,1.7479970866715222
77.6454899,13.0214375,3.1630657269042937,5.9450109249817915
77.64068609090909,13.021637763636363,13.702843118685367,9.632192279679535
77.64263890000001,13.021718866666667,8.422500623049563,3.186453022578296
77.6430533,13.0242117,6.04997104199304,6.919155134741442
77.64327886666666,13.022447033333334,6.995446921036162,1.0378732702112163
77.64350767987227,13.02385967543708,5.664922444710307,0.43699927166788055
77.64625353333334,13.021139400000001,2.410002847896924,6.35469774217043
77.6498555,13.021102,1.380360298145227,6.955571740713766
77.65041115,13.020766250000001,1.4217861797394362,9.013109978150037
77.64788310658402,13.022538473114553,1.6968243351396617,7.392571012381646
77.641753,13.024581,7.79724145140194,14.584850691915513
77.6434794673516,13.02465976759785,4.762883201893569,4.388201019664968
77.6099868,13.0377251,0.6161499022220174,31.79169701383831
77.6137416,13.0359704,0.5747205882974895,35.196649672250544
77.620895,13.0300067,5.773840929149308,26.056081573197375
77.6212873,13.031025433333333,9.00793760433355,34.86890021849964
77.62154759166667,13.031591141666667,11.401682706619585,31.68244719592134
77.623222140625,13.03154905,15.93677477666736,40.53168244719592
77.6222617,13.0335983,20.28048318976465,71.66788055353241
77.62344744166667,13.034630977083333,26.707206503547763,67.42534595775673
77.62398214285714,13.032212371428571,20.41796097780739,56.59140568099053
77.6290433,13.0322183,8.023634340147769,17.88055353241078
77.62426145483872,13.0332774,25.505678216027263,56.646030589949014
77.626585,13.0331333,19.814383945026577,65.877640203933
77.6246021083916,13.03458576013986,28.245486929429916,64.38455935906774
77.6272955939394,13.032919933333332,16.08575359202549,45.37509104151493
77.62874583333333,13.033407766666665,10.384136397459026,7.938820101966497
77.6287933,13.0350067,10.014379819567868,9.832483612527312
77.62317291851852,13.035987855555554,23.49991388177754,67.73488710852149
77.62335345714287,13.037077535714285,19.427026626210303,53.6598689002185
77.6236984,13.04000065,6.873729419197281,18.790968681718866
77.62496022413794,13.035572331034484,26.53321179127214,68.66351056081574
77.62544389375,13.0361576875,23.413142228333122,62.34522942461762
77.62460727272727,13.037006363636364,20.860530002516686,42.72578295702841
77.62567677222222,13.037038916666667,18.725392408158626,57.19227967953386
77.6282083,13.036055,11.16365017500712,31.15440640932265
77.6266867,13.0377529,12.16742869236469,40.33139111434814
77.62506585,13.038680800000002,11.658515777502496,28.8965768390386
77.62584319666666,13.038281416406008,12.222618315819545,23.70721048798252
77.62434182857143,13.040290657142858,6.0990146457400805,31.081573197378003
77.61239875,13.04166185,4.400356862866388,33.83102694828842
77.61366624117647,13.041802135294118,4.985816924358634,40.45884923525128
77.61353175833334,13.042248108333332,4.922584776634387,26.238164603058994
77.6144109,13.0421617,4.8792492929714015,32.88419519300801
77.6169825,13.0411546,3.307613459015971,32.392571012381644
77.61746144545454,13.04092520909091,3.012416873806089,33.37581937363438
77.6152047,13.0450503,2.0604987697944375,32.392571012381644
77.61942,13.0409867,2.622951957961888,32.06482155863073
77.621828,13.041365800000001,3.2219736332963076,12.235979606700656
77.6266816,13.0448402,4.336685705793264,35.296795338674436
77.62711615918367,13.045595657142856,4.740479428910487,15.276766205389658
77.628525,13.04717,4.777575128608832,33.576110706482154
77.62909452857143,13.048114742857143,4.609966343704159,28.35032774945375
77.6310233,13.030515,3.5812486086793256,12.545520757465404
77.62975469999999,13.032358333333333,6.2065443680986965,13.055353241077933
77.6295217,13.03334,7.4277984658627005,9.905316824471958
77.6356469,13.0311316,1.5790646745058405,21.43117261471231
77.63570311999999,13.03136858,1.55468194435038,18.97305171158048
77.6365467,13.032309766666666,1.4178285390363352,12.70939548434086
77.63786284285713,13.033299957142857,1.1675713197986626,5.589949016751639
77.6388393,13.034792,0.7464640322852082,2.7130371449380917
77.64126715,13.040014249999999,0.17436912137096505,1.8936635105608157
77.629395,13.0486767,4.520759289242895,30.644573925710123
77.63015618387097,13.049916409677419,4.190270028426013,18.42680262199563
77.63058153333333,13.050689233333335,3.7932002356786994,14.384559359067737
77.63090028571428,13.051208457142858,3.423263385973011,10.706482155863073
77.6444216,13.0473513,0.4666861585296149,11.671522214129643
77.64567573333333,13.048672666666667,0.7294061982916141,8.175528040786599
77.645798,13.0502847,0.9886386618281264,12.217771303714493
77.65656055,13.0092967,1.5760843466600507,7.738528769118719
77.65873762,13.007979879999999,2.3496372655830022,2.749453750910415
77.6575477,13.0099627,2.003613164065491,5.134741442097597
77.6623517,13.0079578,2.2517763353260074,2.640203932993445
77.6619719,13.0104198,1.674824688493301,13.346686088856519
77.6582331,13.010563,2.157392828797591,13.56518572469046
77.6591512909091,13.011098036363636,2.177854521613746,7.374362709395485
77.6600437,13.0114385,2.035041474344303,4.952658412235979
77.6610325,13.0117589,1.7261268105497403,10.278587035688274
77.66209418853877,13.013117256167334,1.0432660041667972,0.5462490895848506
77.65400924285714,13.018172285714286,2.5652702951226978,3.6052439912600147
77.655096,13.018713850000001,3.33693436380979,11.944646758922069
77.6663335,13.012204,0.3338458487393379,1.529497450837582
77.6679941,13.0119557,0.24116801718857397,6.700655498907501
77.6708449,13.0116227,0.1522888998798508,1.9482884195193007
77.6539069,13.0192985,2.989704978841582,11.061544064093226
77.65522837142858,13.01898997142857,3.5460599669422304,5.38965768390386
77.65605320963527,13.019494459195464,4.04375476917684,9.15877640203933
77.65666223846154,13.020437815384614,4.485977948270859,10.251274581209032
77.65712716,13.021061829999999,4.570858693419366,9.504734158776403
77.65783225,13.022370455,4.217157234860397,17.33430444282593
77.6579186,13.0229829,3.9061782681742163,22.305171158048072
77.6584091375,13.023699562500001,3.3557987618197793,8.903860160233066
77.6588962,13.0242962,2.8500294261538563,17.279679533867444
77.6596113,13.0252497,2.17111671060134,6.718863801893664
77.66088642815735,13.026493280313797,1.6817761654967458,10.815731973780043
77.6612564,13.0269582,1.6398028522162529,5.253095411507648
77.6613504,13.0272219,1.6269157000697323,2.9497450837581938
77.6632318,13.0282479,1.7053425894134202,5.253095411507648
77.6636727,13.0287306,1.667372812190448,9.104151493080845
77.66413465714285,13.028979428571429,1.5981310306039027,2.8040786598689005
77.690666875,13.0081256,112.43912347998591,72.54187909686817
77.692335364375,13.0081372640625,217.65185116505117,98.9985433357611
77.69355554034335,13.00830140085837,307.18723312051435,99.79970866715222
77.69471723099761,13.008235539011372,363.39549511329074,99.89075018208304
77.69305404594594,13.009391089189188,254.34776987829142,92.53459577567371
77.6923473,13.0112789,120.97699423566081,93.15367807720321
77.67436148333333,13.019951883333334,1.14824501373663,9.359067734887109
77.6747728,13.02000635,1.2570143006528474,8.029861616897305
77.6744704,13.0202233,1.2007829767997835,11.43481427530954
77.67837822666667,13.021301345111452,1.8152388905351673,6.809905316824471
77.6791128,13.0212277,1.6984280732556443,12.363437727603788
77.6855388,13.0207568,0.13678822455666323,13.219227967953387
77.69295396666666,13.024174066666667,0.29233613830257715,16.951930080116533
77.6706057,13.0374375,0.08039920022747943,3.4686817188638015
77.6211441,13.053705149999999,0.7748261072668685,14.930808448652586
77.621379,13.053620857142857,0.7858634233757839,9.541150764748725
77.6261816,13.0575789,1.262784518770887,20.502549162418063
77.62703672,13.057408839999999,1.3193306784155532,12.727603787327022
77.60754321666667,13.07145395,1.3995348468189406,3.332119446467589
77.6280166,13.0633189,1.223501922410433,39.98543335761107
77.62922805555556,13.068135166666666,8.063367263478373,39.4027676620539
77.6189683,13.0709617,0.5867871443581356,31.117989803350326
77.6209863,13.070885,1.2629415977838148,32.01019664967225
77.622395,13.0701055,2.3162754893350788,39.20247632920612
77.6233743,13.0698164,3.3097362419678458,33.21194464675892
77.624958,13.0689857,5.345160517561746,38.5469774217043
77.6259800804878,13.06879189512195,6.49824137445703,28.368536052439914
77.627327175,13.068611475,7.599000720003248,43.20830298616169
77.62913985,13.068290600000001,8.156888272631479,41.16897305171158
77.6320292,13.05505905,1.4473399060659837,22.714857975236708
77.6323057,13.0557879,1.3029174269700237,22.714857975236708
77.632582,13.056227075,1.2037454307092799,9.340859431900947
77.6331533,13.0614903,0.4963573108583543,11.179898033503278
77.64609723333334,13.05265618888889,1.338558194096105,2.1485797523670795
77.64634043333332,13.054009766666667,1.502312164689812,13.164603058994901
77.6467577,13.0550417,1.712464593820518,14.74872541879097
77.6481102,13.056777716666666,2.790621573630353,8.066278222869629
77.6501865,13.0571232,4.224118829421378,32.22869628550619
77.64853045999999,13.05765012,3.5501622278529212,11.325564457392572
77.6487004,13.057663699999999,3.7029760341943496,13.401310997815003
77.64881079999999,13.06075737142857,5.425269264027374,24.1442097596504
77.64937165,13.0627058,6.088115901392046,38.1646030589949
77.6336003,13.0628382,0.6887113795882913,29.479242534595773
77.62959640555556,13.068089894444444,8.045134234333233,47.96067006554989
77.63180423333334,13.067838566666666,7.403452622597618,56.536780772032046
77.63312005,13.068026175,7.314754163176994,55.29861616897305
77.6337861,13.067838250000001,6.44454812099778,63.00072833211945
77.6340141,13.0687052,8.475707960967792,60.1238164603059
77.633593525,13.07080875,13.414966986510104,63.67443554260743
77.63374410153847,13.071765964615386,13.88511037333261,58.99490167516388
77.633691325,13.072758416666666,12.808572802435044,62.10852148579752
77.6362488,13.0707173,8.640970796774818,54.424617625637296
77.6362685,13.070723,8.591692002042755,67.35251274581209
77.6377072,13.0720611,4.831387528716842,64.25710123816461
77.6415538,13.0661473,0.23677303846071374,4.898033503277494
77.6485084,13.0644366,3.813897391340883,41.36926438455936
77.64966426999999,13.06312317,6.185664396412807,30.77203204661326
77.65088593684212,13.064007842105264,6.042274628499778,45.393299344501095
77.6488517,13.06436,4.254546726757842,33.412235979606706
77.63366024,13.074529340000002,8.139567127163794,57.647487254187915
77.6337198,13.0753979,5.694975049614223,54.133284777858705
77.63397956666667,13.0786487,1.6504025026209697,33.28477785870357
77.6338326,13.0803385,2.2342601954918666,33.26656955571741
77.6346015,13.0821338,4.783290060123177,39.2571012381646
77.63458698333334,13.084239833333333,6.066037824220098,29.652221412964312
77.6370694,13.0833171,8.179254942798579,48.233794610342315
77.63506756666666,13.083925166666667,6.75747059775477,47.14129643117261
77.63697383846154,13.08365171923077,8.29121132130488,43.827385287691186
77.63825838571428,13.083468125,7.68462789281068,44.57392571012382
77.63476564,13.084888939999999,6.118594991704149,36.98106336489439
77.6350736,13.08580195,5.673620754924825,34.595775673707216
77.63520003333333,13.08694595,4.271024519011756,25.673707210487983
77.635024,13.0875246,3.4246366957539838,32.665695557174075
77.6355052,13.0897608,1.2934695376413556,16.524034959941734
77.6356635,13.091049,0.6659543700596582,16.524034959941734
77.6357091,13.0918318,0.4458512269421026,16.524034959941734
77.65174158571428,13.056565671428572,3.7471192016785637,24.963583394027676
77.6519014,13.05971716,7.483907570291505,36.16168973051712
77.65209653225806,13.060462972580645,7.855154986058302,25.072833211944644
77.6517884,13.063897274999999,5.998543823043291,37.108521485797525
77.6516968375,13.0642034875,5.6374796901759945,33.72177713037145
77.6514989,13.0714042,0.4038460618364667,25.273124544792424
77.6516437,13.0736507,0.4580718451284255,26.110706482155866
77.56334509999999,13.09775805,1.4310736408831608,1.4566642388929352
77.564255,13.097658733333333,1.8204286134227177,4.442825928623452
77.56603795714285,13.097844457142857,2.43824159078118,1.8572469045884923
77.56661192,13.09785518,2.5437658535080256,1.1289147851420247
77.56843603333333,13.098061322222222,2.5975266627529994,1.6751638747268753
77.569344325,13.098038975000001,2.5833486816139803,8.230152949745085
77.5730732,13.0983644,4.654433381658084,29.288055353241077
77.5731349,13.0983801,4.731499401054392,29.288055353241077
77.5699319,13.0985391,2.620883833892641,13.419519300801166
77.57357521818182,13.098541449999999,5.323725852863565,27.184996358339404
77.5783852,13.0966724,5.807164138718102,23.634377276037874
77.5790394,13.0958865,4.3628756985172865,27.867807720320464
77.57755581818182,13.098179254545455,8.185551625147246,14.730517115804806
77.5744754,13.09859845,6.5214563732364415,32.7931536780772
77.57690190545455,13.099244532727273,8.581027689243074,30.025491624180628
77.57734216,13.098960420000001,8.591920087646942,16.5877640203933
77.57876565000001,13.099688050000001,7.311159838164396,29.57938820101966
77.579661825,13.100033875,6.092370551015657,30.06190823015295
77.58362849999999,13.096133700000001,4.351493295211553,11.981063364894391
77.58439101851852,13.098003185185187,7.030472913727414,5.06190823015295
77.5801285,13.100189799999999,5.511553586272078,29.57938820101966
77.582105325,13.10072405,4.345819438646923,15.677348871085215
77.58492143571428,13.098843842857145,8.364462314357986,37.18135469774217
77.58436498,13.10353014,2.61311545883444,14.093226511289147
77.5817003,13.1061292,0.5697815861060526,7.101238164603059
77.5801105,13.1105218,0.5695721628169245,13.58339402767662
77.5790556,13.114568533333333,2.753093412476827,13.838310269482884
77.57834783333332,13.115819666666667,3.175521349673827,10.852148579752367
77.577930088,13.11690836,3.0194434003146533,12.308812818645302
77.58622034999999,13.09881135,10.61710894346774,41.62418062636562
77.58797094545454,13.099286263636365,13.030842042408763,33.81281864530226
77.5875527,13.1009533,10.955590859689877,53.377640203933
77.58867035714286,13.099633407563026,13.019852524637905,33.50327749453751
77.58876391111112,13.099885322222223,12.808631028243724,37.72760378732702
77.591775,13.0974883,11.966801959939252,77.27603787327021
77.5863941,13.1015798,8.214664593860853,53.377640203933
77.59881780666666,13.09698734,54.01644222637213,75.81937363437727
77.59886725614035,13.097611677192981,53.04280918242559,81.88273852876911
77.59989793392857,13.0966098,52.22793610291086,68.93663510560816
77.6005608,13.096201,46.688537771172726,78.98761835396941
77.59951421134454,13.097272569327732,53.8837032540512,72.56008739985434
77.59741195200814,13.099281305688269,33.779280632834684,84.68681718863802
77.59810778333333,13.098535833333335,44.48899057376887,80.15294974508376
77.5991579,13.1019321,11.62073276105971,52.96795338674436
77.60013261254983,13.103883843113564,3.385277626033254,8.31209031318281
77.6012799,13.1037433,3.107825601964842,8.31209031318281
77.600502,13.1050265,2.37451072415142,5.571740713765477
77.6011054,13.10506225,2.380292861084933,3.4049526584122356
77.60016556000001,13.1061263,2.0399485168087557,1.6569555717407136
77.60137478333333,13.106005966666666,2.3077507500774197,2.166788055353241
77.6038307,13.104369,1.6727496173977454,9.61398397669337
77.60241,13.106665,2.3724580310401526,4.861616897305171
77.60490525,13.104421,1.239091362710769,6.937363437727603
77.60271055,13.107211475,2.3924490234966824,1.0196649672250546
77.6030833,13.1080883,2.3826998103836043,6.828113619810634
77.60366748571428,13.10854567142857,2.3215503736585763,0.6190823015294974
77.60398663636364,13.110121954545455,2.0839667391355707,0.05462490895848507
77.60463185,13.111682550000001,1.6399089804813065,12.454479242534596
77.604715,13.1103317,1.942299578683965,3.87836853605244
77.6051008,13.111706,1.5880971119915988,4.6886380189366355
77.6058169,13.1131552,1.283400902328009,3.3048069919883467
77.6068122,13.1142356,1.251193657937302,0.6554989075018208
77.60692562,13.1156604,1.4874174567617353,0.09104151493080845
77.573445,13.126435,0.08147738521100877,18.23561544064093
77.5700802,13.1341042,0.08073724152377511,18.23561544064093
77.59562729999999,13.160785872727272,1.6845737723904646,55.77203204661325
77.6141229,13.1040148,0.16112597792803102,11.19810633648944
77.6143016,13.1040873,0.16094586763147442,9.732337946103423
77.60750949999999,13.11587045,1.6632205549267027,4.624908958485069
77.6076667,13.1168983,2.210325610312747,11.061544064093226
77.6316592,13.1003213,0.20071552405458767,11.890021849963583
77.63160355,13.102264300000002,0.2205947169644904,12.345229424617624
77.6341878,13.1144957,0.8600589547595437,78.82374362709396
77.60936683333334,13.118957833333335,5.526279658242,13.983976693372178
77.6083236,13.1199958,5.278638680162546,19.28259286234523
77.6099506095238,13.1197983,7.157007388813111,17.534595775673704
77.6119297,13.1186267,5.657306801174755,30.28040786598689
77.61019793333334,13.119934816666666,7.526757626291578,18.86380189366351
77.6098763,13.120433420000001,7.7004401939959095,22.596504005826656
77.61083229444445,13.1213812,8.835654889559097,33.70356882738529
77.61224659999999,13.121614677777778,8.970153702738216,39.457392571012385
77.6108207625,13.122315778125,8.236683293832431,32.52002913328478
77.61195005,13.1218511,8.917165110980937,34.814275309541145
77.61342223333334,13.121561473333333,8.403747287705835,30.29861616897305
77.61474593999999,13.121476260000001,7.524003404210997,42.53459577567371
77.6134556,13.1218044,8.296197432528118,36.92643845593591
77.6164979142857,13.121051978571428,6.561978253900065,25.855790240349602
77.61780055714286,13.12126618095238,6.148284886671025,34.45010924981792
77.61915041538461,13.121374869230769,5.767467171694732,36.653313911143485
77.62014343333333,13.121582166666665,5.491233700253701,30.917698470502547
77.62167546666666,13.121588416666667,5.082124343630422,35.943190094683175
77.62309674999999,13.12167027142857,4.775053454513839,13.109978150036417
77.6236433,13.121835,4.765623210483817,26.07428987618354
77.62453275,13.121725766666666,5.129788242908083,14.675892206846322
77.6242376,13.12191045,4.9373629525853024,20.447924253459576
77.62577325000001,13.121857949999999,6.996921122131461,16.733430444282593
77.6288289,13.1216793,20.963276729899068,86.58048069919883
77.62732630000001,13.121949133333333,12.705868402804592,63.36489439184268
77.6283473,13.122029966666666,18.21460982708392,85.59723233794611
77.61780823333334,13.1393646,2.8424763205747396,48.83466860888565
77.63189163333334,13.120364666666665,24.76902790478433,75.67370721048799
77.6336836,13.1184333,10.21023410481527,86.08885651857247
77.63241325217392,13.119953460869565,21.526354396377073,87.7822286962855
77.6306952,13.1216976,28.312110449811883,88.36489439184268
77.63132312911392,13.12130443291139,28.279512197971602,90.89584850691915
77.63059032244898,13.1221816,27.63768189878026,91.00509832483613
77.630916977,13.122079312799999,28.146018609308452,86.81718863801893
77.63243343333333,13.122268933333332,24.39212669840932,85.01456664238893
77.6338451,13.1221804,16.754403805449616,91.09613983976693
77.61772559090909,13.14026858181818,4.117266266242218,53.878368536052434
77.61769824999999,13.141452699999999,6.1491331017675535,49.49016751638747
77.6177848,13.143341675,8.948449299229594,44.3918426802622
77.6178650304878,13.14427047804878,9.296796764339536,49.30808448652586
77.6179212,13.14531705,8.599638827294934,45.75746540422433
77.619422125,13.1482005,4.213427996386189,59.304442825928625
77.61907975,13.1502933,3.089647208401766,54.970866715222144
77.6183576,13.1522221,2.074226434508579,56.13619810633649
77.6193494,13.1512223,2.6760246501569074,56.13619810633649
77.61979649999999,13.150957466666668,2.729251400211871,55.66278222869629
77.6197818,13.1523848,2.0404739622130577,56.13619810633649
77.62643387857143,13.161280185714286,2.8246544526118,48.45229424617626
77.62701104,13.16115154,2.792227754487438,44.46467589220685
77.62656995,13.16165275,2.8098104763104583,45.30225782957029
77.6448425,13.1628009,0.08021786848475587,27.71303714493809
77.63547195,13.1752345,2.19037048066526,24.78150036416606
77.635487625,13.175549975000001,2.2047855516579644,19.883466860888564
77.6763893,13.183021199999999,125.96550422377635,97.1959213401311
77.67850294,13.18284764,244.08402895631895,93.24471959213402
77.6796949222093,13.183480686007753,318.54270824138183,95.53896576839038
77.68069710735294,13.183480939705882,308.9011012602054,86.90823015294976
77.68241103846154,13.183513053846154,220.06620143535096,77.78587035688274
77.6836701625,13.1832368425,132.63332892205028,57.45630007283321
77.6395723,13.1868307,1.7975430564820023,76.20174799708667
77.6394921,13.1887595,3.382123909645539,81.30007283321194
77.6421387,13.1842323,1.4275343494010302,95.90313182811362
77.64256395999999,13.18672296,9.067335427950574,91.53313911143482
77.64399364,13.18827794,35.08459611198726,98.12454479242535
77.6448425,13.1886312,49.73175748230488,98.83466860888565
77.64522654999999,13.190150710000001,80.18584609635873,99.72687545520758
77.64573762968037,13.190799034246576,90.8635886056496,96.54042243262928
77.6457474,13.1918465,89.84829732897595,98.79825200291333
77.64636946361503,13.19139289084507,93.29635232352084,97.14129643117262
77.64708061428571,13.191976052653061,85.37448798173172,99.59941733430443
77.64747023076923,13.192282376923078,77.4467666281076,99.74508375819373
77.6502452,13.193041,24.635936098568404,98.77093954843409
77.6499989,13.1934351,24.75796170027218,98.77093954843409
77.66208662,13.2011934,0.8283506858368808,9.68681718863802
77.6621201,13.2021755,0.7967011960280262,8.284777858703569
77.6705883,13.19835,0.09626739750737918,6.973780043699927
77.67970043170311,13.184192499079403,346.45512363404214,95.42971595047341
77.6808783882353,13.183674561764706,311.6252728491024,90.04005826656956
77.67989602171428,13.185711404190478,338.94629623605454,95.93954843408594
77.6802759,13.185752,334.66601693456147,91.9701383831027
77.68207124,13.1836286,246.23146069791937,88.6926438455936
77.683924765,13.184008599999999,130.1860516429349,57.45630007283321
77.6827872,13.1849985,211.16515888042568,53.11361981063365
77.68012496428572,13.18688400064935,279.50216339362015,94.97450837581938
77.68053632260398,13.187037688065098,264.31341323069864,88.21922796795339
77.6800759,13.188245366666669,191.9603735062701,92.37072104879826
77.68042395050504,13.18836943030303,182.01620045280114,82.39257101238164
77.6741922,13.1897037,11.503365833487495,98.98033503277495
77.6795602,13.1903181,83.23850555677102,89.47560087399854
77.6806224,13.189890304166667,100.6552180223226,81.26365622723962
77.68074007765958,13.191030535106384,60.19524913056136,55.061908230152945
77.68092897894738,13.19244480526316,29.86773687081106,43.335761107064826
77.680872075,13.193343299999999,18.875954841384996,26.356518572469046
77.6817073,13.1928998,21.470325022480864,54.67953386744355
77.681915975,13.19410615,11.102977593232646,26.356518572469046
77.6851829,13.183735191666665,68.88596612202208,50.600873998543335
77.68638645492958,13.18390873943662,38.417557159214496,46.81354697742171
77.68778328333333,13.18418151,21.80070483752628,43.353969410050986
77.68917349354838,13.184120258064516,14.146875533700491,44.1551347414421
77.6901980923077,13.184297546153847,10.35287784795358,41.3510560815732
77.691940875,13.184362125,5.61357706372564,43.11726147123088
77.69430990000001,13.1845569,2.0483316348676612,41.005098324836126
77.6784866,13.1973446,2.62152130745051,2.385287691187181
77.68108775714286,13.195210542857142,7.022660562316066,1.51128914785142
77.6800977,13.196913,3.5366183777768323,3.823743627093955
77.6804241,13.1960345,4.896477896567421,3.377640203932993
77.6834195,13.194715566666666,5.362679465562625,2.1303714493809176
77.67984461111112,13.19808681111111,2.7098538205355753,0.21849963583394028
77.6812562,13.1984859,2.277758832925152,4.479242534595776
77.6794884,13.1994653,2.2968967930095876,0.2002913328477786
77.6785776,13.2011248,1.8976780709524805,6.272760378732702
77.6783791,13.2018276,1.7242716317885975,0.8922068463219228
77.67794596666666,13.2036898,1.210299791368862,0.5098324836125273
77.6772331,13.2046159,0.895162411983515,4.6886380189366355
77.6791512,13.2000842,2.15505368438386,3.9512017479970867
77.6791132,13.2020291,1.6791048955366517,4.6886380189366355
77.6872115,13.1947955,0.769367245536502,1.3292061179898034
77.6877907,13.1981501,0.4484090277009844,0.3823743627093955
77.6885063,13.1981848,0.44174158040277156,1.1835396941005099
77.69133984999999,13.194776099999999,0.42962499252302266,0.41879096868171883
77.6925714,13.1946532,0.45879541842952026,1.2745812090313182
77.6917268,13.1979871,0.3854423105876091,1.2745812090313182
77.6909124,13.1996142,0.3054131801860496,1.2745812090313182
77.6933171,13.2302231,0.4010889937523535,42.89876183539694
77.53250753446538,13.293684372967755,0.08021779868526022,95.17479970866715
77.69571745169887,13.008272085742838,370.68850554498533,99.34450109249818
77.69682238709677,13.008084070967742,328.3959451944246,99.83612527312454
77.69655838,13.00929562,322.85188151623987,99.43554260742899
77.69730904651851,13.010044446555556,245.11180643034598,99.7632920611799
77.69775845416667,13.010735589583334,180.7571530769819,97.86962855061908
77.69870074,13.011554,99.16855424600388,95.55717407137655
77.6996279,13.01137515,72.8021281818315,88.56518572469045
77.6990641125,13.0123374625,60.52685830927854,92.2978878368536
77.6998714,13.01298352,30.878290850539976,94.70138383102696
77.7008564,13.0103456,51.67802731088136,87.76402039329935
77.7029393,13.0104035,11.739854782772015,34.6504005826657
77.7036805,13.010274166666667,6.547960357483023,29.351784413692645
77.70458663333334,13.01718668888889,3.1333798963612796,12.254187909686816
77.7045816,13.0175388125,3.2085994948908216,12.0721048798252
77.7049784,13.0175663,3.462118303775387,21.1034231609614
77.7064717,13.0102517,0.9260852803420178,22.560087399854332
77.7094437,13.0152792,3.8793585984662506,23.99854333576111
77.70742666,13.0185913,4.779851685906656,16.16897305171158
77.70889055,13.018165,4.874006379570832,21.595047341587765
77.7092838,13.016404275,4.523302135750763,22.01383831026948
77.70038,13.021495,1.0924199234559704,19.173343044428258
77.695736,13.0233535,0.3036978921346409,17.80772032046613
77.70145793,13.021248170000002,1.3924848157190388,14.621267297887835
77.7046661,13.0200697,2.8321767182138116,24.872541879096868
77.708525504,13.019412068,4.482509167340176,25.96504005826657
77.7093542875,13.019836375,3.9162753939372257,22.63292061179898
77.7103074,13.0202195,3.0571119195244063,24.271667880553533
77.7158372,13.0233796,1.1258150585233844,17.47086671522214
77.7164975142857,13.023845728571429,1.4631470885598403,8.4122359796067
77.7175331,13.023399,1.6581330329979262,19.901675163874728
77.7173989,13.024878,2.200798897242412,26.70247632920612
77.7199272,13.0262605,3.8198203926461445,17.47086671522214
77.7200726,13.0256155,3.7249591449651462,26.70247632920612
77.72058955121952,13.026413175609758,3.8502286770350063,18.28113619810634
77.7169953,13.0305764,0.5706046596528377,24.635833940276765
77.730657,13.0347503,3.3655872206377966,44.90167516387473
77.7311412,13.0335883,3.509613023895569,47.84231609613984
77.73372995,13.034535825,9.964479781595816,46.86817188638019
77.73391729999999,13.033702983333333,8.730938397124193,40.07647487254188
77.73433194210526,13.034732857894737,11.206163477668229,36.99927166788055
77.7360125,13.0349199,11.788018994615745,48.61616897305171
77.73510883333334,13.035538866666668,12.447144348187294,51.03787327021122
77.73547574166668,13.035814522222221,12.423048881489056,57.62927895120175
77.73692076363636,13.0362083,10.450090778388928,48.9075018208303
77.7371607,13.0367455,9.283405306175512,50.582665695557175
77.75879382068965,13.008942968965517,6.290517005808539,34.8871085214858
77.75913414,13.0095713,5.359430741162121,27.640203932993444
77.7598649,13.0108556,3.802371649183281,34.08594319009468
77.76076616,13.012664240000001,3.0421091521363337,19.71959213401311
77.76102565384616,13.014146238461537,3.19270166912628,2.5127458120903134
77.7507203,13.0282733,0.20054750494884863,21.631463947560086
77.7612702,13.0135263,3.096107800869394,16.26001456664239
77.76172866666667,13.015490683333333,3.2061607962568304,7.283321194464676
77.76182278,13.016378650000002,3.0297776857557035,12.60014566642389
77.7626043,13.0171165,2.63342617080373,18.372177713037143
77.76226166666667,13.0185789,2.1787703196459987,13.000728332119445
77.76218468181818,13.02059859090909,1.458963615583622,7.629278951201749
77.7486582,13.0443396,17.327831968196307,74.28987618353969
77.75002909038461,13.045616188461539,25.12865401805511,78.33211944646759
77.75006186666667,13.0467996,23.776022321090856,67.84413692643845
77.75047461960784,13.045907616666666,25.378543876083544,79.4701383831027
77.7605374,13.044354,0.12195277423287076,80.82665695557174
77.75056031,13.04664051,24.204783601850394,79.86161689730518
77.7617289,13.0516142,6.955772120729039,66.47851420247632
77.7361362,13.063394,0.30099262621996453,60.9340859431901
77.7446471,13.0565894,0.4796996671580315,71.20356882738528
77.7462309,13.0541987,0.3917482389248658,78.73270211216314
77.7433181,13.0597145,0.7435157787864458,68.19009468317553
77.74191385,13.06199055,0.8095172832034592,72.46904588492352
77.7420079,13.0621495,0.7997246917722989,71.20356882738528
77.761579125,13.052328925000001,8.303254890751573,56.099781500364166
77.761884512,13.053734716,10.313755420902163,63.51056081573198
77.7627747,13.0543738,10.73652029555336,47.42352512745812
77.7624995375,13.0545572875,10.605878744861943,44.95630007283321
77.76311120909091,13.054612804545455,10.53930105900632,49.23525127458121
77.76449870769231,13.055170111538462,8.6184352618151,50.7101238164603
77.767512025,13.056634575,2.4925604617935178,47.42352512745812
77.6958299,13.1820686,0.9987281649231182,39.912600145666424
77.7282783,13.174255,0.08021779868526022,3.4322651128914785
77.6960205,13.1939478,0.779567839317889,1.4202476329206117
77.6970939,13.1939999,0.9284867496392814,0.07283321194464676
77.6988214,13.19433554,1.115388357347083,0.03641660597232338
77.699725,13.194505,1.1952244046939644,1.6205389657683904
77.7017453,13.1945792,1.4661266187697584,1.6205389657683904
77.7037283,13.1944133,1.8449703693689734,3.3048069919883467
77.69994,13.1946398,1.2288669674853947,1.6205389657683904
77.7003643,13.196048,1.3974707817083476,1.3656227239621268
77.7005267,13.19952,1.124579471564591,1.7297887836853605
77.7045546,13.1950934,2.4174409119668816,4.160597232337946
77.705022625,13.195657774999999,2.799660813656218,0.6372906045156591
77.70516265384616,13.196504892307692,3.1342302658449213,0.12745812090313183
77.7024609,13.198418925,2.1949167777007763,0.47341587764020393
77.7015864,13.1993072,1.594373918396281,3.4686817188638015
77.703013625,13.199639675,2.0152332372766173,0.6008739985433357
77.7053183,13.1979383,3.1436606902595265,6.336489439184268
77.70414986666667,13.199399966666666,2.416806510623323,0.9468317552804079
77.705273725,13.199185425,2.6254679153175133,2.421704297159505
77.7078466,13.1946852,1.8449992264995332,4.424617625637291
77.7068527625,13.19661695,2.9666213794576684,0.25491624180626365
77.70847543333333,13.196728733333332,2.2552517242684305,1.4930808448652586
77.709645,13.19643,1.6017794432291135,2.221412964311726
77.7110651,13.1973236,0.9769173744398656,2.221412964311726
77.70698990000001,13.1986827,2.5712748273972394,2.4945375091041515
77.7090168,13.1976135,1.9410095969821197,0.6919155134741442
77.7086282,13.1999178,1.3760316439743696,4.133284777858703
77.7139094,13.1969381,0.27215367306906635,2.221412964311726
77.70413555,13.2421686,0.22523401614893826,37.81864530225783
77.7068652,13.2424368,0.4912192573235554,41.023306627822286
77.7128104,13.2421766,4.573907921189167,34.40458849235251
77.7132844,13.2433331,6.757279007254314,34.40458849235251
77.71282661489361,13.245059272340425,8.108061527264795,42.95338674435543
77.71359158076923,13.244539857692306,8.058769697534967,28.15003641660597
77.71261585,13.24574995,7.724085420066944,38.98397669337218
77.71515032857143,13.244128485714286,6.350468307036363,29.5156591405681
77.71541443333332,13.247785466666665,4.361571239399671,37.41806263656227
77.71563714285715,13.248637,3.3139144653030717,29.42461762563729
77.7072458,13.250599,0.7112566321169044,44.04588492352512
77.71231025,13.257282400000001,1.3357996170854578,36.12527312454479
77.717395,13.2575746,0.5358610561381305,33.02986161689731
77.71756693333333,13.258223533333334,0.5026519155073738,25.163874726875456
77.7187993,13.2645843,0.399640057828476,27.603787327021124
77.7192361,13.266818,0.41548811001592223,30.080116533139112
